CMS Certification Number (CCN),Facility Name,Provider Address,City/Town,State,ZIP Code,Telephone Number,Provider SSA County Code,County/Parish,Urban,Ownership Type,Number of Certified Beds,Average Number of Residents per Day,Average Number of Residents per Day Footnote,Provider Type,Provider Resides in Hospital,Legal Business Name,Date First Approved to Provide Medicare and Medicaid Services,Chain Name,Chain ID,Number of Facilities in Chain,Chain Average Overall 5-star Rating,Chain Average Health Inspection Rating,Chain Average Staffing Rating,Chain Average QM Rating,Continuing Care Retirement Community,Special Focus Status,Abuse Icon,Most Recent Health Inspection More Than 2 Years Ago,Provider Changed Ownership in Last 12 Months,With a Resident and Family Council,Automatic Sprinkler Systems in All Required Areas,Overall Rating,Overall Rating Footnote,Health Inspection Rating,Health Inspection Rating Footnote,QM Rating,QM Rating Footnote,Long-Stay QM Rating,Long-Stay QM Rating Footnote,Short-Stay QM Rating,Short-Stay QM Rating Footnote,Staffing Rating,Staffing Rating Footnote,Reported Staffing Footnote,Physical Therapist Staffing Footnote,Reported Nurse Aide Staffing Hours per Resident per Day,Reported LPN Staffing Hours per Resident per Day,Reported RN Staffing Hours per Resident per Day,Reported Licensed Staffing Hours per Resident per Day,Reported Total Nurse Staffing Hours per Resident per Day,Total number of nurse staff hours per resident per day on the weekend,Registered Nurse hours per resident per day on the weekend,Reported Physical Therapist Staffing Hours per Resident Per Day,Total nursing staff turnover,Total nursing staff turnover footnote,Registered Nurse turnover,Registered Nurse turnover footnote,Number of administrators who have left the nursing home,Administrator turnover footnote,Nursing Case-Mix Index,Nursing Case-Mix Index Ratio,Case-Mix Nurse Aide Staffing Hours per Resident per Day,Case-Mix LPN Staffing Hours per Resident per Day,Case-Mix RN Staffing Hours per Resident per Day,Case-Mix Total Nurse Staffing Hours per Resident per Day,Case-Mix Weekend Total Nurse Staffing Hours per Resident per Day,Adjusted Nurse Aide Staffing Hours per Resident per Day,Adjusted LPN Staffing Hours per Resident per Day,Adjusted RN Staffing Hours per Resident per Day,Adjusted Total Nurse Staffing Hours per Resident per Day,Adjusted Weekend Total Nurse Staffing Hours per Resident per Day,Rating Cycle 1 Standard Survey Health Date,Rating Cycle 1 Total Number of Health Deficiencies,Rating Cycle 1 Number of Standard Health Deficiencies,Rating Cycle 1 Number of Complaint Health Deficiencies,Rating Cycle 1 Health Deficiency Score,Rating Cycle 1 Number of Health Revisits,Rating Cycle 1 Health Revisit Score,Rating Cycle 1 Total Health Score,Rating Cycle 2 Standard Health Survey Date,Rating Cycle 2/3 Total Number of Health Deficiencies,Rating Cycle 2 Number of Standard Health Deficiencies,Rating Cycle 2/3 Number of Complaint Health Deficiencies,Rating Cycle 2/3 Health Deficiency Score,Rating Cycle 2/3 Number of Health Revisits,Rating Cycle 2/3 Health Revisit Score,Rating Cycle 2/3 Total Health Score,Total Weighted Health Survey Score,Number of Citations from Infection Control Inspections,Number of Fines,Total Amount of Fines in Dollars,Number of Payment Denials,Total Number of Penalties,Location,Latitude,Longitude,Geocoding Footnote,Processing Date,EVS_Citation_Count,Dietary_Citation_Count,Overall_Rating,Health_Inspection_Rating,HOT_HOT_EVS,HOT_HOT_Dietary,Priority_Sort,Region
035234,Arizona State Veteran Home-Phx,4141 NORTH S HERRERA WAY,PHOENIX,AZ,85012,6022481550,060,Maricopa,Y,Government - State,200,96.0,,Medicare and Medicaid,N,ARIZONA DEPARTMENT OF VETERANS SERVICES,1996-01-08,,,,,,,,N,,Y,N,N,Resident,Yes,2,,1,,5,,5,,,2,5,,,,3.30390,0.93409,1.07926,2.01335,5.31724,4.57718,0.76307,0.04644,29.2,,54.8,,,26,1.14195,0.80883,1.87441,0.69452,0.55429,3.12322,2.76878,4.05565,1.14663,1.32483,6.52711,5.61866,2025-05-30,6,4,2,40,1,0,40,2023-07-21,26,4,23,180,1,0,180,75.000,,3,23296.00,1,4,"4141 NORTH S HERRERA WAY,PHOENIX,AZ,85012",33.5815,-111.99,,2026-07-01,0,0,,,No,No,3,Mountain West
035284,ARIZONA STATE VETERAN HOME-TUCSON,555 EAST AJO WAY,TUCSON,AZ,85713,5206382150,090,Pima,Y,Government - State,120,116.9,,Medicare and Medicaid,N,ARIZONA DEPARTMENT OF VETERANS SERVICES,2012-02-23,,,,,,,,N,,N,Y,N,Resident,Yes,3,,3,,4,,4,,,2,3,,,,3.09463,1.25122,0.70227,1.95350,5.04813,4.63164,0.53701,0.03750,,26,,26,,26,1.09861,0.77813,1.80326,0.66816,0.53325,3.00466,2.66369,3.94866,1.59652,0.89608,6.44126,5.90984,2024-01-05,6,3,3,36,1,0,36,2022-09-30,6,6,0,36,1,0,36,36.000,,0,0.00,0,0,"555 EAST AJO WAY,TUCSON,AZ,85713",32.1779,-110.96,,2026-07-01,0,0,,,No,No,3,Mountain West
035303,Arizona State Veteran Home - Yuma,6051 EAST 34TH STREET,YUMA,AZ,85365,9282478303,130,Yuma,Y,Government - State,80,73.0,,Medicare and Medicaid,N,ARIZONA DEPARTMENT OF VETERANS SERVICES,2023-06-22,,,,,,,,N,,Y,N,N,Resident,Yes,2,,2,,3,,3,,,2,4,,,,3.06562,1.41171,1.10220,2.51391,5.57952,4.99270,0.97750,0.07632,,26,,26,2,,1.00675,0.71307,1.65249,0.61229,0.48866,2.75344,2.44097,4.26853,1.96564,1.53469,7.76886,6.95178,2024-09-20,6,6,2,52,1,0,52,2023-06-22,2,0,2,8,0,0,8,41.000,,0,0.00,0,0,"6051 EAST 34TH STREET,YUMA,AZ,85365",32.6665,-114.52,,2026-07-01,0,0,,,No,No,3,Mountain West
045417,ARKANSAS VETERANS HOME AT FAYETTEVILLE,1179 NORTH COLLEGE AVENUE,FAYETTEVILLE,AR,72703,4794447001,710,Washington,Y,Government - State,90,56.8,,Medicare and Medicaid,N,STATE OF ARKANSAS,2007-03-01,,,,,,,,N,,N,N,N,Both,Yes,2,,2,,4,,4,,,2,4,,,,2.42247,1.03358,0.82670,1.86029,4.28275,3.52082,0.64353,0.03432,69.1,,63.6,,0,,1.01485,0.71881,1.66579,0.61722,0.49260,2.77560,2.46062,3.34608,1.42766,1.14190,5.91564,4.86320,2025-03-20,4,4,0,24,1,0,24,2024-01-26,15,15,0,136,1,0,136,52.000,,0,0.00,0,0,"1179 NORTH COLLEGE AVENUE,FAYETTEVILLE,AR,72703",36.0796,-94.157,,2026-07-01,0,0,,,No,No,3,Southeast
045462,ARKANSAS STATE VETERANS HOME AT NORTH LITTLE ROCK,2401 JOHN ASHLEY DRIVE,NORTH LITTLE ROCK,AR,72114,5016832382,590,Pulaski,Y,Government - State,96,87.7,,Medicare and Medicaid,N,STATE OF ARKANSAS,2017-04-27,,,,,,,,N,,N,N,N,Resident,Yes,5,,4,,5,,5,,,2,4,,,,3.47702,1.11659,0.46680,1.58339,5.06041,4.43551,0.31220,0.05753,61.7,,62.5,,0,,1.01708,0.72039,1.66945,0.61858,0.49368,2.78171,2.46603,4.79217,1.53893,0.64336,6.97446,6.11319,2025-05-01,0,0,0,0,0,0,0,2024-02-23,11,11,3,80,1,0,80,20.000,,0,0.00,0,0,"2401 JOHN ASHLEY DRIVE,NORTH LITTLE ROCK,AR,72114",34.7786,-92.29,,2026-07-01,0,0,,,No,No,3,Southeast
065380,VETERANS COMMUNITY LIVING CENTER AT FITZSIMONS,1919 QUENTIN ST,AURORA,CO,80045,7208576400,000,Adams,Y,For profit - Individual,180,128.2,,Medicare and Medicaid,N,STATE OF COLORADO,2003-03-01,,,,,,,,N,,N,N,N,Both,Yes,3,,3,,4,,3,,5,,4,,,,2.58708,0.93970,1.14333,2.08304,4.67012,4.24248,0.94049,0.02719,94.0,,100.0,,,26,1.14821,0.81326,1.88468,0.69832,0.55733,3.14033,2.78396,3.15843,1.14723,1.39583,5.70149,5.17941,2024-11-21,8,8,1,56,1,0,56,2023-06-28,7,7,0,115,1,0,115,70.750,,1,34467.00,0,1,"1919 QUENTIN ST,AURORA,CO,80045",39.7458,-104.84,,2026-07-01,0,0,,,No,No,3,Mountain West
065386,COLORADO STATE VETERANS NURSING HOME - RIFLE,851 E 5TH ST,RIFLE,CO,81650,9706250842,220,Garfield,N,Government - State,89,62.9,,Medicare and Medicaid,N,STATE OF COLORADO,2006-06-01,,,,,,,,N,,Y,N,N,Both,Yes,2,,1,,3,,3,,,2,5,,,,2.50455,0.29901,1.31147,1.61048,4.11503,3.50092,0.79320,0.06363,48.7,,27.3,,0,,0.96764,0.68537,1.58829,0.58850,0.46968,2.64647,2.34614,3.62828,0.43317,1.89989,5.96134,5.07168,2024-11-22,11,9,3,209,1,0,209,2023-05-18,6,4,2,52,1,0,52,169.750,,1,32975.00,0,1,"851 E 5TH ST,RIFLE,CO,81650",39.5333,-107.77,,2026-07-01,0,0,,,No,No,3,Mountain West
065391,COLORADO VETERANS COMMUNITY LIVING CTR AT HOMELAKE,3749 SHERMAN AVE,MONTE VISTA,CO,81144,7198525118,520,Rio Grande,N,Government - State,60,35.8,,Medicare and Medicaid,N,STATE OF COLORADO,2007-12-01,,,,,,,,N,,N,N,N,Resident,Yes,5,,5,,2,,2,,,2,5,,,,3.19669,0.00000,1.87950,1.87950,5.07619,3.82591,1.35005,0.00603,23.7,,33.3,,2,,1.13360,0.80292,1.86070,0.68944,0.55023,3.10038,2.74854,3.95297,0.00000,2.32415,6.27712,4.73104,2024-10-17,2,2,0,8,1,0,8,2023-03-16,6,5,1,56,1,0,56,20.000,,0,0.00,0,0,"3749 SHERMAN AVE,MONTE VISTA,CO,81144",37.5744,-106.1,,2026-07-01,0,0,,,No,No,3,Mountain West
065394,BRUCE MCCANDLESS CO STATE VETERANS NURSING HOME,903 MOORE DR,FLORENCE,CO,81226,7197846331,210,Fremont,N,Government - State,105,60.8,,Medicare and Medicaid,N,STATE OF COLORADO,2008-10-01,,,,,,,,N,,Y,N,N,Both,Yes,1,,1,,1,,1,,,2,4,,,,1.91734,0.00000,1.85689,1.85689,3.77423,3.24053,1.55873,0.04829,60.0,,58.8,,,26,1.11117,0.78703,1.82389,0.67580,0.53935,3.03903,2.69416,2.41880,0.00000,2.34255,4.76134,4.08805,2026-01-29,5,5,1,145,1,0,145,2024-06-06,6,6,0,48,1,0,48,120.750,,1,81520.00,0,1,"903 MOORE DR,FLORENCE,CO,81226",38.3718,-105.12,,2026-07-01,0,0,,,No,No,3,Mountain West
06A190,SPANISH PEAKS VETERANS COMMUNITY LIVING CENTER,23500 US HIGHWAY 160,WALSENBURG,CO,81089,7197384540,270,Huerfano,N,Government - Hospital district,120,73.9,,Medicaid,N,Legal Business Name Not Available,1997-12-31,,,,,,,,N,,Y,N,N,Resident,Yes,3,,2,,3,,3,,,2,5,,,,2.89934,0.55517,1.22795,1.78312,4.68246,4.01167,1.01814,0.00000,44.3,,41.7,,0,,1.23751,0.87651,2.03126,0.75263,0.60067,3.38456,3.00047,3.28423,0.62887,1.39096,5.30405,4.54421,2024-12-05,6,6,0,32,1,0,32,2023-06-29,11,10,1,80,1,0,80,44.000,,0,0.00,0,0,"23500 US HIGHWAY 160,WALSENBURG,CO,81089",37.6018,-104.83,,2026-07-01,0,0,,,No,No,3,Mountain West
085051,DELAWARE VETERANS HOME,100 DELAWARE VETERANS BLVD,MILFORD,DE,19963,3024246000,020,Sussex,N,Government - State,144,63.7,,Medicare and Medicaid,N,STATE OF DELAWARE,2007-06-20,,,,,,,,N,,Y,N,N,Resident,Yes,4,,2,,5,,5,,,2,5,,,,3.89269,0.72597,2.46058,3.18655,7.07924,6.28324,1.69375,0.02965,54.0,,57.7,,0,,1.26153,0.89353,2.07068,0.76724,0.61233,3.45026,3.05871,4.32549,0.80668,2.73415,7.86632,6.98182,2026-03-12,7,7,2,56,1,0,56,2024-04-25,8,3,6,56,1,0,56,56.000,,2,118757.00,0,2,"100 DELAWARE VETERANS BLVD,MILFORD,DE,19963",38.9357,-75.453,,2026-07-01,0,0,,,No,No,3,Northeast
105840,EMORY L BENNETT MEMORIAL VETERANS NURSING HOME,1920 MASON AVENUE,DAYTONA BEACH,FL,32117,3862743460,630,Volusia,Y,Government - State,120,115.1,,Medicare and Medicaid,N,FLORIDA DEPARTMENT OF VETERANS AFFAIRS,1994-01-19,FLORIDA DEPARTMENT OF VETERANS' AFFAIRS,739,8,3.8,3.4,4.4,2.4,N,,N,N,N,Both,Yes,4,,3,,3,,3,,,2,5,,,,2.73065,0.56666,1.23256,1.79921,4.52987,3.92055,0.82058,0.05288,58.0,,35.5,,1,,1.14590,0.81163,1.88089,0.69692,0.55620,3.13401,2.77835,3.34043,0.69319,1.50780,5.54143,4.79604,2024-10-17,5,5,0,24,1,0,24,2022-12-01,5,5,0,36,1,0,36,27.000,,1,9503.00,0,1,"1920 MASON AVENUE,DAYTONA BEACH,FL,32117",29.2123,-81.083,,2026-07-01,0,0,3.8,3.4,No,No,3,Southeast
106006,BALDOMERO LOPEZ MEMORIAL VETERANS NURSING HOME,6919 PARKWAY BLVD,LAND O LAKES,FL,34639,8135585000,500,Pasco,Y,Government - State,120,113.9,,Medicare and Medicaid,N,FLORIDA DEPARTMENT OF VETERANS AFFAIRS,1999-05-07,FLORIDA DEPARTMENT OF VETERANS' AFFAIRS,739,8,3.8,3.4,4.4,2.4,N,,N,Y,N,Both,Yes,5,,4,,3,,3,,,2,5,,,,3.00886,0.89563,0.85293,1.74856,4.75742,4.12949,0.55292,0.02225,47.5,,48.4,,0,,1.24582,0.88240,2.04490,0.75769,0.60470,3.40729,3.02062,3.38555,1.00776,0.95971,5.35302,4.64648,2024-01-25,3,0,3,20,0,0,20,2022-01-14,2,2,0,8,1,0,8,17.000,,0,0.00,0,0,"6919 PARKWAY BLVD,LAND O LAKES,FL,34639",28.2527,-82.445,,2026-07-01,0,0,3.8,3.4,No,No,3,Southeast
106038,"ALEXANDER ""SANDY"" NININGER STATE VETERANS NURSING",8401 W CYPRESS DR,PEMBROKE PINES,FL,33025,9549854824,050,Broward,Y,Government - State,120,113.1,,Medicare and Medicaid,N,FLORIDA DEPARTMENT OF VETERANS AFFAIRS,2001-09-06,FLORIDA DEPARTMENT OF VETERANS' AFFAIRS,739,8,3.8,3.4,4.4,2.4,N,,N,N,N,Both,Yes,3,,2,,2,,2,,,2,5,,,,3.57942,0.96958,1.01692,1.98650,5.56592,5.03348,0.61474,0.04856,24.4,,26.9,,0,,1.26516,0.89610,2.07665,0.76945,0.61409,3.46019,3.06752,3.96597,1.07429,1.12673,6.16699,5.57705,2025-01-09,15,14,1,92,1,0,92,2023-09-14,3,2,1,12,1,0,12,72.000,,1,38659.00,0,1,"8401 W CYPRESS DR,PEMBROKE PINES,FL,33025",26.004,-80.253,,2026-07-01,0,0,3.8,3.4,No,No,3,Southeast
106056,CLIFFORD CHESTER SIMS STATE VETERANS NURSING HOME,4419 TRAM ROAD,PANAMA CITY,FL,32404,8507475401,020,Bay,Y,Government - State,120,114.4,,Medicare and Medicaid,N,FLORIDA DEPARTMENT OF VETERANS AFFAIRS,2003-11-05,FLORIDA DEPARTMENT OF VETERANS' AFFAIRS,739,8,3.8,3.4,4.4,2.4,N,,N,N,N,Both,Yes,5,,5,,2,,2,,,2,5,,,,3.08015,1.22044,0.97455,2.19499,5.27514,4.74335,0.52064,0.03522,45.0,,34.4,,1,,1.22772,0.86958,2.01518,0.74668,0.59592,3.35778,2.97673,3.51687,1.39348,1.11272,6.02307,5.41588,2025-04-03,0,0,0,0,0,0,0,2024-02-01,2,2,0,8,1,0,8,2.000,,0,0.00,0,0,"4419 TRAM ROAD,PANAMA CITY,FL,32404",30.1841,-85.564,,2026-07-01,0,0,3.8,3.4,No,No,3,Southeast
106059,DOUGLAS JACOBSON STATE VETERANS NURSING HOME,21281 GRAYTON TERRACE,PORT CHARLOTTE,FL,33954,9416130919,070,Charlotte,Y,Government - State,120,112.3,,Medicare and Medicaid,N,FLORIDA DEPARTMENT OF VETERANS AFFAIRS,2004-06-07,FLORIDA DEPARTMENT OF VETERANS' AFFAIRS,739,8,3.8,3.4,4.4,2.4,N,,Y,N,N,Both,Yes,3,,2,,2,,2,,,2,5,,,,2.60358,0.90429,1.16386,2.06815,4.67173,3.95014,0.76330,0.02155,52.1,,32.0,,0,,1.18875,0.84198,1.95122,0.72298,0.57700,3.25120,2.88225,3.07017,1.06635,1.37244,5.50897,4.65806,2024-09-06,7,5,3,56,1,0,56,2023-06-02,11,4,7,116,1,0,116,71.000,,7,139435.00,1,8,"21281 GRAYTON TERRACE,PORT CHARLOTTE,FL,33954",27.0278,-82.099,,2026-07-01,0,0,3.8,3.4,No,No,3,Southeast
106088,CLYDE E LASSEN STATE VETERANS NURSING HOME,4650 STATE RD 16,SAINT AUGUSTINE,FL,32092,9049402193,540,St. Johns,Y,Government - State,120,113.8,,Medicare and Medicaid,N,FLORIDA DEPARTMENT OF VETERANS AFFAIRS,2011-03-04,FLORIDA DEPARTMENT OF VETERANS' AFFAIRS,739,8,3.8,3.4,4.4,2.4,N,,N,N,N,Both,Yes,4,,5,,3,,3,,,2,1,25,25,6,,,,,,,,,56.0,,57.6,,,26,,,,,,,,,,,,,2025-08-22,1,1,0,4,1,0,4,2023-09-08,0,0,0,0,0,0,0,3.000,,0,0.00,0,0,"4650 STATE RD 16,SAINT AUGUSTINE,FL,32092",29.9596,-81.468,,2026-07-01,0,0,3.8,3.4,No,No,3,Southeast
106151,ALWYN C CASHE STATE VETERANS NURSING HOME,5255 RAYMOND ST,ORLANDO,FL,32803,4077414614,470,Orange,Y,Government - State,112,101.6,,Medicare and Medicaid,N,FLORIDA DEPARTMENT OF VETERANS AFFAIRS,2023-10-11,FLORIDA DEPARTMENT OF VETERANS' AFFAIRS,739,8,3.8,3.4,4.4,2.4,N,,Y,N,N,Resident,Yes,1,,2,,1,,1,,,2,4,,,,3.04795,1.00508,1.24527,2.25036,5.29830,4.63046,0.83336,0.05864,72.5,,72.1,,0,,1.30334,0.92314,2.13932,0.79267,0.63263,3.56462,3.16010,3.27816,1.08100,1.33933,5.69849,4.98021,2025-02-27,11,5,6,84,1,0,84,2023-09-08,11,2,9,92,1,0,92,86.000,,11,68731.00,0,11,"5255 RAYMOND ST,ORLANDO,FL,32803",28.579,-81.321,,2026-07-01,0,0,3.8,3.4,No,No,3,Southeast
125021,KAUAI VETERANS MEMORIAL HOSPITAL,4643 WAIMEA CANYON DRIVE,WAIMEA,HI,96796,8083389431,040,Kauai,N,Government - State,20,20.0,,Medicare and Medicaid,Y,KAUAI VETERANS MEMORIAL HOSPITAL,1973-04-11,HAWAII HEALTH SYSTEMS CORPORATION,250,7,4.2,3.3,4.8,4.7,N,SFF Candidate,N,N,N,Resident,Yes,2,,1,,5,,5,,,2,5,,,,2.73167,0.27528,1.84056,2.11583,4.84750,4.30288,1.35385,0.00794,9.5,,12.5,,,26,1.22502,0.86767,2.01075,0.74504,0.59461,3.35040,2.97018,3.12585,0.31500,2.10615,5.54700,4.92379,2024-09-10,6,6,0,170,1,0,170,2023-09-22,4,4,0,28,1,0,28,134.500,,1,34588.00,0,1,"4643 WAIMEA CANYON DRIVE,WAIMEA,HI,96796",21.9604,-159.67,,2026-07-01,0,0,4.2,3.3,No,No,3,Pacific
125058,YUKIO OKUTSU STATE VETERANS HOME,1180 WAIANUENUE AVENUE,HILO,HI,96720,8089611500,010,Hawaii,N,Government - State,95,67.1,,Medicare and Medicaid,N,HAWAII HEALTH SYSTEMS CORPORATION,2008-03-10,HAWAII HEALTH SYSTEMS CORPORATION,250,7,4.2,3.3,4.8,4.7,N,,N,N,N,Resident,Yes,4,,3,,5,,5,,5,,4,,,,3.02688,0.49930,1.11846,1.61775,4.64463,4.06893,0.90666,0.07233,60.3,,53.6,,,26,1.25875,0.89156,2.06612,0.76555,0.61098,3.44264,3.05196,3.37085,0.55604,1.24556,5.17244,4.53131,2024-11-15,10,10,0,44,1,0,44,2023-10-30,11,10,2,68,1,0,68,50.000,,1,13049.00,0,1,"1180 WAIANUENUE AVENUE,HILO,HI,96720",19.7175,-155.11,,2026-07-01,0,0,4.2,3.3,No,No,3,Pacific
125070,DANIEL K AKAKA STATE VETERANS HOME,91-1204 KEALANANI AVE,KAPOLEI,HI,96707,8088610926,020,Honolulu,Y,Government - State,,,10,Medicare and Medicaid,N,DANIEL K AKAKA STATE VETERANS HOME,2025-07-29,HAWAII HEALTH SYSTEMS CORPORATION,250,7,4.2,3.3,4.8,4.7,N,,N,N,N,Both,Data Not Available,,1,,1,,1,,1,,1,,1,6,6,,,,,,,,,,27,,27,,27,,,,,,,,,,,,,2026-04-23,,,,,,,,,,,,,,,,,,0,0.00,0,0,"91-1204 KEALANANI AVE,KAPOLEI,HI,96707",21.3396,-158.07,,2026-07-01,0,0,4.2,3.3,No,No,3,Pacific
135131,Idaho State Veterans Home - Boise,320 Collins Road,Boise,ID,83702,2087801600,000,Ada,Y,Government - State,122,75.1,,Medicare and Medicaid,N,DIVISION OF VETERANS SERVICES,2007-09-01,,,,,,,,N,,N,N,N,Resident,Yes,2,,1,,3,,3,,,2,5,,,,2.50942,0.50275,1.21685,1.71960,4.22902,3.40866,0.60010,0.02120,45.3,,34.6,,0,,1.17450,0.83188,1.92783,0.71431,0.57008,3.21222,2.84769,2.99505,0.60005,1.45234,5.04744,4.06832,2025-05-16,12,12,12,124,1,0,124,2021-12-03,3,3,0,12,1,0,12,96.000,0,0,0.00,0,0,"320 Collins Road,Boise,ID,83702",43.6176,-116.19,,2026-07-01,0,0,,,No,No,3,Mountain West
135132,Idaho State Veterans Home - Pocatello,1957 Alvin Ricken Drive,Pocatello,ID,83201,2082357800,020,Bannock,Y,Government - State,66,52.9,,Medicare and Medicaid,N,DIVISION OF VETERANS SERVICES,2007-11-01,,,,,,,,N,,N,N,N,Both,Yes,5,,3,,5,,5,,,2,5,,,,2.91147,0.42600,1.60871,2.03471,4.94618,4.25219,1.25146,0.02079,48.6,,40.9,,0,,1.13083,0.80096,1.85616,0.68775,0.54889,3.09280,2.74182,3.60908,0.52807,1.99418,6.13132,5.27105,2025-08-07,10,10,10,56,1,0,56,2024-07-19,3,3,2,12,1,0,12,45.000,,0,0.00,0,0,"1957 Alvin Ricken Drive,Pocatello,ID,83201",42.8689,-112.41,,2026-07-01,0,0,,,No,No,3,Mountain West
135133,Idaho State Veterans Home - Lewiston,821 21st Avenue,Lewiston,ID,83501,2087503600,340,Nez Perce,Y,Government - State,66,48.8,,Medicare and Medicaid,N,DIVISION OF VETERANS SERVICES,2007-12-01,,,,,,,,N,,N,N,N,Resident,Yes,5,,4,,4,,4,,,2,5,,,,2.80542,0.30906,1.60301,1.91207,4.71749,4.06246,1.14890,0.10237,26.9,,6.3,,0,,1.07940,0.76453,1.77174,0.65648,0.52393,2.95214,2.61712,3.64332,0.40137,2.08178,6.12647,5.27580,2025-07-17,3,3,0,20,1,0,20,2024-06-28,3,0,3,83,0,0,83,35.750,,1,186850.00,0,1,"821 21st Avenue,Lewiston,ID,83501",46.3986,-117.02,,2026-07-01,0,0,,,No,No,3,Mountain West
135148,Idaho State Veterans Home - Post Falls,590 S Pleasant View Rd,Post Falls,ID,83854,2084153430,270,Kootenai,Y,Government - State,64,60.6,,Medicare and Medicaid,N,DIVISION OF VETERANS SERVICES,2023-03-21,,,,,,,,N,,Y,N,N,Both,Yes,1,,1,,2,,2,,,2,4,,,,2.49365,0.38551,1.39490,1.78041,4.27406,3.72616,0.94882,0.08376,69.8,,69.6,,0,,1.09420,0.77501,1.79603,0.66548,0.53111,2.99262,2.65301,3.19463,0.49387,1.78701,5.47552,4.77360,2025-08-01,12,10,3,100,1,0,100,2024-08-16,7,6,2,32,1,0,32,83.000,,2,36855.00,0,2,"590 S Pleasant View Rd,Post Falls,ID,83854",47.702,-117,,2026-07-01,0,0,,,No,No,3,Mountain West
155787,INDIANA VETERANS HOME,3851 N RIVER RD,WEST LAFAYETTE,IN,47906,7654631502,780,Tippecanoe,Y,Government - State,212,103.6,,Medicare and Medicaid,N,STATE OF INDIANA AUDITOR OF STATE,2011-03-04,,,,,,,,N,,N,N,N,Resident,Yes,3,,3,,3,,3,,,2,4,,,,3.86938,0.54457,1.20001,1.74459,5.61397,4.79422,0.98281,0.01278,64.2,,54.1,,0,,1.22145,0.86514,2.00490,0.74287,0.59288,3.34065,2.96154,4.44066,0.62498,1.37718,6.44282,5.50204,2025-12-08,2,2,1,8,1,0,8,2024-12-09,11,4,8,76,1,0,76,25.000,,0,0.00,0,0,"3851 N RIVER RD,WEST LAFAYETTE,IN,47906",40.4734,-86.884,,2026-07-01,0,0,,,No,No,3,Midwest
16A002,Iowa Veterans Home,1301 Summit,Marshalltown,IA,50158,6417521501,630,Marshall,N,Government - State,702,342.0,,Medicaid,N,Legal Business Name Not Available,1981-10-01,,,,,,,,N,,N,N,N,Resident,Yes,5,,5,,5,,5,,,2,5,,,,3.34027,0.53608,0.86343,1.39951,4.73979,4.06952,0.43338,0.01485,24.7,,22.1,,1,,1.07738,0.76310,1.76842,0.65525,0.52295,2.94662,2.61223,4.34605,0.69750,1.12342,6.16696,5.29488,2026-04-16,1,0,1,4,0,0,4,2025-03-27,0,0,0,0,0,0,0,3.000,,0,0.00,0,0,"1301 Summit,Marshalltown,IA,50158",42.0527,-92.935,,2026-07-01,0,0,,,No,No,3,Midwest
175513,KANSAS SOLDIERS HOME,"200 CUSTER, UNIT 98",FORT DODGE,KS,67801,6202272121,280,Ford,N,Government - State,56,46.7,,Medicare and Medicaid,N,STATE OF KANSAS-ACCOUNTING SERVICES,2009-09-17,,,,,,,,N,,N,N,N,Resident,Yes,3,,2,,3,,3,,,2,5,,,,4.95684,0.26873,1.35024,1.61897,6.57580,4.98785,0.93184,0.00000,27.6,,9.1,,0,,1.19395,0.84566,1.95976,0.72614,0.57953,3.26543,2.89486,5.81970,0.31551,1.58528,7.72048,5.85611,2025-08-07,12,12,1,132,1,0,132,2023-09-06,9,9,0,44,1,0,44,110.000,,0,0.00,0,0,"200 CUSTER, UNIT 98,FORT DODGE,KS,67801",37.7578,-100.02,22,2026-07-01,0,0,,,No,No,3,Midwest
175516,KANSAS VETERANS HOME,1220 WORLD WAR II MEMORIAL DRIVE,WINFIELD,KS,67156,6202219479,170,Cowley,N,Government - State,97,85.5,,Medicare and Medicaid,N,STATE OF KANSAS-ACCOUNTING SERVICES,2010-09-01,,,,,,,,N,,N,N,N,Both,Yes,5,,5,,2,,2,,,2,5,,,,4.00179,0.94071,1.13964,2.08034,6.08213,5.21353,0.65921,0.00427,35.9,,30.0,,1,,1.21743,0.86229,1.99830,0.74042,0.59093,3.32965,2.95179,4.60778,1.08316,1.31221,7.00315,6.00301,2026-03-04,1,1,0,4,1,0,4,2024-04-23,3,3,0,16,1,0,16,7.000,0,0,0.00,0,0,"1220 WORLD WAR II MEMORIAL DRIVE,WINFIELD,KS,67156",37.2611,-96.97,,2026-07-01,0,0,,,No,No,3,Midwest
185471,Paul E Patton Eastern KY Veterans Center,200 Veterans Drive,Hazard,KY,41701,6064356196,960,Perry,N,Government - State,120,94.0,,Medicare and Medicaid,N,COMMONWEALTH OF KENTUCKY,2013-11-26,,,,,,,,N,,N,N,N,Resident,Yes,5,,5,,4,,4,,,2,5,,,,3.55815,0.55010,1.38231,1.93241,5.49057,4.64832,0.74910,0.01525,13.0,,7.4,,0,,1.14505,0.81102,1.87949,0.69640,0.55579,3.13168,2.77629,4.35595,0.67344,1.69225,6.72165,5.69055,2024-12-06,0,0,0,0,0,0,0,2019-08-15,0,0,0,0,0,0,0,0.000,,0,0.00,0,0,"200 Veterans Drive,Hazard,KY,41701",37.2536,-83.185,22,2026-07-01,0,0,,,No,No,3,Southeast
185472,Joseph Eddie Ballard Western Kentucky Veterans Cen,926 Veterans Drive,Hanson,KY,42413,2703229087,530,Hopkins,N,Government - State,156,81.4,,Medicare and Medicaid,N,COMMONWEALTH OF KENTUCKY,2013-12-19,,,,,,,,N,,N,N,N,Both,Yes,5,,5,,4,,4,,,2,5,,,,3.61743,0.33911,1.44743,1.78654,5.40396,4.66651,0.88309,0.00501,34.3,,25.0,,0,,1.14982,0.81441,1.88733,0.69930,0.55811,3.14474,2.78787,4.41013,0.41342,1.76461,6.58816,5.68910,2026-02-12,0,0,0,0,0,0,0,2024-10-16,0,0,0,0,0,0,0,0.000,,0,0.00,0,0,"926 Veterans Drive,Hanson,KY,42413",37.4152,-87.465,,2026-07-01,0,0,,,No,No,3,Southeast
185473,Thomson-Hood Veterans Center,100 Veterans Drive,Wilmore,KY,40390,8598582814,560,Jessamine,Y,Government - State,285,142.2,,Medicare and Medicaid,N,COMMONWEALTH OF KENTUCKY,2014-02-28,,,,,,,,N,,N,N,N,Resident,Yes,5,,4,,4,,4,,,2,5,,,,3.31044,0.94278,0.83251,1.77530,5.08574,4.45053,0.48728,0.03721,29.4,,24.0,,1,,1.18101,0.83650,1.93852,0.71827,0.57325,3.23004,2.86349,3.92929,1.11903,0.98814,6.03645,5.28250,2026-05-07,1,1,0,4,1,0,4,2025-03-27,3,3,1,28,1,0,28,10.000,,0,0.00,0,0,"100 Veterans Drive,Wilmore,KY,40390",37.8753,-84.647,,2026-07-01,0,0,,,No,No,3,Southeast
185483,Radcliff Veterans Center,100 Veterans Drive,Radcliff,KY,40160,2703526700,460,Hardin,Y,Government - State,120,56.5,,Medicare and Medicaid,N,COMMONWEALTH OF KENTUCKY,2017-05-25,,,,,,,,N,,N,N,N,Both,Yes,3,,2,,3,,3,,,2,5,,,,2.64803,1.16323,1.79021,2.95343,5.60147,4.79584,1.13037,0.02895,34.2,,16.7,,0,,1.18867,0.84192,1.95110,0.72293,0.57697,3.25099,2.88206,3.12280,1.37178,2.11117,6.60575,5.65569,2025-03-06,1,0,1,4,0,0,4,2019-10-18,6,3,3,145,1,0,145,39.250,,1,9331.00,0,1,"100 Veterans Drive,Radcliff,KY,40160",37.8701,-85.967,,2026-07-01,0,0,,,No,No,3,Southeast
195608,SOUTHWEST LOUISIANA WAR VETERANS HOME,1610 EVANGELINE HIGHWAY,JENNINGS,LA,70546,3378242829,260,Jeffrson Davis,Y,Government - State,8,6.4,,Medicare,N,SOUTHWEST LOUISIANA VETERANS HOME,2004-11-16,STATE OF LOUISIANA DEPARTMENT OF VETERANS AFFAIRS,488,5,4.4,5.0,1.0,2.0,N,,N,N,N,Resident,Yes,4,,5,,3,,3,,,2,1,25,25,6,,,,,,,,,,26,,26,,26,,,,,,,,,,,,,2026-06-16,0,0,0,0,0,0,0,2025-06-17,2,2,0,20,1,0,20,5.000,,0,0.00,0,0,"1610 EVANGELINE HIGHWAY,JENNINGS,LA,70546",30.2376,-92.639,,2026-07-01,0,0,4.4,5.0,No,No,3,Southeast
195623,NORTHWEST LOUISIANA VETERANS HOME,3130 ARTHUR RAY TEAGUE PARKWAY,BOSSIER CITY,LA,71112,3187412763,070,Bossier,Y,Government - State,8,3.0,,Medicare,N,NW LA WAR VETERANS HOME,2007-05-08,STATE OF LOUISIANA DEPARTMENT OF VETERANS AFFAIRS,488,5,4.4,5.0,1.0,2.0,N,,N,N,N,,Yes,4,,5,,1,,,2,1,,,2,6,6,,,,,,,,,,26,,26,,26,,,,,,,,,,,,,2026-04-09,0,0,0,0,0,0,0,2025-06-18,6,4,2,40,1,0,40,10.000,,0,0.00,0,0,"3130 ARTHUR RAY TEAGUE PARKWAY,BOSSIER CITY,LA,71112",32.4905,-93.692,,2026-07-01,0,0,4.4,5.0,No,No,3,Southeast
195625,SOUTHEAST LOUISIANA WAR VETERANS HOME,4080 W AIRLINE HWY,RESERVE,LA,70084,9854794080,470,St. John Baptist,Y,Government - State,8,1.0,,Medicare,N,SOUTHEAST LOUISIANA VETERANS HOME,2007-08-07,STATE OF LOUISIANA DEPARTMENT OF VETERANS AFFAIRS,488,5,4.4,5.0,1.0,2.0,N,,N,N,N,Resident,Yes,5,,5,,,2,,2,,2,,2,6,6,,,,,,,,,,26,,26,,26,,,,,,,,,,,,,2025-09-12,1,1,0,4,1,0,4,2024-05-22,1,1,0,16,1,0,16,7.000,,0,0.00,0,0,"4080 W AIRLINE HWY,RESERVE,LA,70084",30.0769,-90.574,,2026-07-01,0,0,4.4,5.0,No,No,3,Southeast
195628,NORTHEAST LA WAR VETERANS HOME,6700 HIGHWAY 165 NORTH,MONROE,LA,71211,3183624206,360,Ouachita,Y,Government - State,8,1.7,,Medicare,N,NORTHEAST LOUISANA VETERANS HOME,2008-12-04,STATE OF LOUISIANA DEPARTMENT OF VETERANS AFFAIRS,488,5,4.4,5.0,1.0,2.0,N,,N,N,N,Resident,Yes,5,,5,,,2,,2,,2,,2,6,6,,,,,,,,,,26,,26,,26,,,,,,,,,,,,,2026-03-18,2,2,0,12,1,0,12,2025-03-06,3,3,0,20,1,0,20,14.000,,0,0.00,0,0,"6700 HIGHWAY 165 NORTH,MONROE,LA,71211",32.277,-92.092,,2026-07-01,0,0,4.4,5.0,No,No,3,Southeast
195629,LOUISIANA WAR VETERANS HOME,4739 HIGHWAY 10,JACKSON,LA,70748,2253428998,180,East Feliciana,Y,Government - State,10,,10,Medicare,N,LOUISIANA WAR VETERANS HOME,2009-02-20,STATE OF LOUISIANA DEPARTMENT OF VETERANS AFFAIRS,488,5,4.4,5.0,1.0,2.0,N,,N,N,N,Resident,Yes,4,,5,,,2,,2,,2,1,23,23,23,,,,,,,,,,26,,26,,26,,,,,,,,,,,,,2025-12-10,0,0,0,0,0,0,0,2024-09-09,0,0,0,0,0,0,0,0.000,,0,0.00,0,0,"4739 HIGHWAY 10,JACKSON,LA,70748",30.8356,-91.137,,2026-07-01,0,0,4.4,5.0,No,No,3,Southeast
205126,Maine Veterans Home - Augusta,35 HEROES WAY,AUGUSTA,ME,04330,2076222454,050,Kennebec,N,Non profit - Corporation,108,104.0,,Medicare and Medicaid,N,MAINE VETERANS' HOME,1993-01-01,MAINE VETERANS' HOME,330,5,4.4,4.0,4.8,2.4,N,,N,N,N,Both,Yes,5,,4,,4,,4,,4,,5,,,,4.57151,0.29071,1.76215,2.05286,6.62437,5.94819,1.25177,0.09855,32.5,,20.5,,,26,1.24521,0.88197,2.04390,0.75732,0.60441,3.40562,3.01914,5.14636,0.32726,1.98373,7.45735,6.69615,2025-11-18,6,6,0,36,1,0,36,2024-10-23,4,4,0,24,1,0,24,33.000,,0,0.00,0,0,"35 HEROES WAY,AUGUSTA,ME,04330",44.3536,-69.731,22,2026-07-01,0,0,4.4,4.0,No,No,3,Northeast
205127,MAINE VETERANS HOME - SCARBOROUGH,290 US RT 1,SCARBOROUGH,ME,04074,2078837184,020,Cumberland,Y,Non profit - Corporation,120,111.9,,Medicare and Medicaid,N,MAINE VETERANS' HOME,1993-01-01,MAINE VETERANS' HOME,330,5,4.4,4.0,4.8,2.4,N,,N,N,N,Both,Yes,5,,5,,2,,3,,2,,5,,,,2.92944,0.42309,1.49030,1.91339,4.84283,4.19828,0.91879,0.11864,36.4,,36.0,,0,,1.15929,0.82111,1.90287,0.70506,0.56271,3.17064,2.81083,3.54221,0.51159,1.80204,5.85583,5.07646,2024-11-20,3,3,0,12,1,0,12,2023-08-31,6,5,1,24,1,0,24,15.000,,0,0.00,0,0,"290 US RT 1,SCARBOROUGH,ME,04074",43.585,-70.371,22,2026-07-01,0,0,4.4,4.0,No,No,3,Northeast
205151,Maine Veterans Home - Caribou,163 VAN BUREN RD SUITE 2,CARIBOU,ME,04736,2074986074,010,Aroostook,N,Non profit - Other,40,36.3,,Medicare and Medicaid,N,MAINE VETERANS' HOME,1994-07-01,MAINE VETERANS' HOME,330,5,4.4,4.0,4.8,2.4,N,,N,N,N,Resident,Yes,4,,4,,1,,1,,,2,5,,,,3.53199,0.04575,1.55285,1.59860,5.13060,4.60669,1.02987,0.04103,28.6,,9.1,,0,,1.25940,0.89202,2.06718,0.76595,0.61129,3.44442,3.05354,3.93133,0.05093,1.72842,5.71068,5.12754,2026-02-05,5,5,3,36,1,0,36,2025-01-08,9,5,5,32,1,0,32,35.000,,1,42320.00,1,2,"163 VAN BUREN RD SUITE 2,CARIBOU,ME,04736",46.8478,-68.01,22,2026-07-01,0,0,4.4,4.0,No,No,3,Northeast
205184,Maine Veterans Home - So Paris,477 HIGH ST,SOUTH PARIS,ME,04281,2077436300,080,Oxford,N,Non profit - Corporation,62,55.9,,Medicare and Medicaid,N,MAINE VETERANS' HOME,1995-07-26,MAINE VETERANS' HOME,330,5,4.4,4.0,4.8,2.4,N,,N,N,N,Resident,Yes,5,,5,,3,,4,,3,,4,,,,3.01275,0.37054,1.83557,2.20610,5.21886,4.47666,1.26272,0.04080,,26,,26,,26,1.16133,0.82256,1.90622,0.70630,0.56369,3.17621,2.81577,3.63656,0.44726,2.21563,6.29944,5.40357,2025-12-19,4,4,0,24,1,0,24,2024-10-09,6,6,0,32,1,0,32,26.000,,0,0.00,0,0,"477 HIGH ST,SOUTH PARIS,ME,04281",44.2523,-70.528,,2026-07-01,0,0,4.4,4.0,No,No,3,Northeast
205185,Maine Veterans Home - Bangor,44 HOGAN RD,BANGOR,ME,04401,2079422333,090,Penobscot,Y,Non profit - Other,120,108.8,,Medicare and Medicaid,N,MAINE VETERANS' HOME,1995-10-02,MAINE VETERANS' HOME,330,5,4.4,4.0,4.8,2.4,N,,N,N,N,Resident,Yes,3,,2,,2,,4,,1,,5,,,,3.43760,0.02515,1.66663,1.69178,5.12938,4.40074,1.17379,0.12530,45.9,,39.5,,1,,1.15854,0.82058,1.90164,0.70461,0.56234,3.16859,2.80901,4.15935,0.03043,2.01655,6.20633,5.32470,2025-08-14,9,7,2,40,1,0,40,2024-08-22,22,13,11,257,1,0,257,94.250,,2,74698.00,1,3,"44 HOGAN RD,BANGOR,ME,04401",44.8158,-68.738,,2026-07-01,0,0,4.4,4.0,No,No,3,Northeast
215161,Charlotte Hall Veterans Home,29449 CHARLOTTE HALL ROAD,CHARLOTTE HALL,MD,20622,3018848171,180,St. Marys,Y,For profit - Limited Liability company,286,210.0,,Medicare and Medicaid,N,COMPTROLLER OF MARYLAND CENTRAL PAYROLL BUREAU,1986-03-17,,,,,,,,N,,N,N,N,Resident,Yes,5,,4,,2,,4,,1,,5,,,,2.73850,0.97271,0.69660,1.66931,4.40781,3.77493,0.34239,0.00000,19.6,,32.4,,1,,1.23849,0.87721,2.03287,0.75323,0.60115,3.38724,3.00285,3.09958,1.10096,0.78845,4.98899,4.27266,2025-07-25,8,8,0,40,1,0,40,2022-08-15,16,13,3,154,1,0,154,68.500,,1,66671.00,0,1,"29449 CHARLOTTE HALL ROAD,CHARLOTTE HALL,MD,20622",38.4776,-76.778,,2026-07-01,0,0,,,No,No,3,Northeast
225110,THE MASSACHUSETTS VETERANS HOME AT CHELSEA,100 SUMMIT STREET,CHELSEA,MA,02150,6178877115,160,Suffolk,Y,Government - State,154,120.1,,Medicare,N,THE COMMONWEALTH OF MASSACHUSETTS,1967-02-09,,,,,,,,N,,N,N,N,Resident,Yes,4,,4,,3,,3,,,2,4,,,,4.35173,0.99655,1.62596,2.62251,6.97424,6.32538,1.27745,0.07167,,26,,26,3,,1.00197,0.70968,1.64464,0.60938,0.48634,2.74037,2.42938,6.08821,1.39421,2.27477,9.75719,8.84942,2025-09-19,5,3,2,20,1,0,20,2024-10-09,10,7,3,40,1,0,40,25.000,,0,0.00,0,0,"100 SUMMIT STREET,CHELSEA,MA,02150",42.4019,-71.031,,2026-07-01,0,0,,,No,No,3,Northeast
225786,MASSACHUSETTS VETERANS HOME AT HOLYOKE,110 CHERRY STREET,HOLYOKE,MA,01040,4135524737,070,Hampden,Y,Government - State,128,113.1,,Medicare and Medicaid,N,THE COMMONWEALTH OF MASSACHUSETTS,2025-04-14,,,,,,,,N,,N,N,N,Both,Yes,,1,,1,,1,,1,,1,,1,,,4.80041,0.85871,2.54666,3.40537,8.20578,7.31612,1.81787,0.08566,,27,,27,,27,1.14226,0.80905,1.87491,0.69470,0.55444,3.12405,2.76953,,,,,,2025-02-28,,,,,,,,,,,,,,,,,,0,0.00,0,0,"110 CHERRY STREET,HOLYOKE,MA,01040",42.2003,-72.639,,2026-07-01,0,0,,,No,No,3,Northeast
235724,DJ Jacobetti Home for Veterans,425 Fisher Street,Marquette,MI,49855,9062263576,510,Marquette,N,Government - State,81,59.1,,Medicare and Medicaid,N,STATE OF MICHIGAN OFFICE OF FINANCIAL MANAGEMENT,2018-09-30,,,,,,,,N,,Y,N,N,Resident,Yes,4,,2,,5,,5,,,2,5,,,,3.00532,1.00824,1.40098,2.40922,5.41454,4.45823,0.88485,0.00915,21.2,,19.4,,0,,1.02544,0.72631,1.68316,0.62366,0.49773,2.80455,2.48629,4.10832,1.37828,1.91515,7.40175,6.09446,2025-12-11,4,4,1,48,1,0,48,2024-10-16,1,1,0,16,1,0,16,40.000,,0,0.00,1,1,"425 Fisher Street,Marquette,MI,49855",46.5401,-87.402,,2026-07-01,0,0,,,No,No,3,Midwest
235728,Michigan Veterans Home of Chesterfield Township,47901 Sugarbush Road,Chesterfield Township,MI,48047,5867196791,490,Macomb,Y,Government - State,128,120.2,,Medicare and Medicaid,N,STATE OF MICHIGAN OFFICE OF FINANCIAL MANAGEMENT,2021-08-19,,,,,,,,N,,N,N,N,Resident,Yes,5,,5,,4,,4,,,2,5,,,,5.11488,1.56266,1.01107,2.57373,7.68861,6.94112,0.51441,0.04291,56.3,,30.8,,0,,1.13771,0.80583,1.86745,0.69194,0.55223,3.11161,2.75850,6.30212,1.92538,1.24575,9.47325,8.55225,2025-05-21,1,0,1,4,0,0,4,2024-04-18,0,0,0,0,0,0,0,3.000,,0,0.00,0,0,"47901 Sugarbush Road,Chesterfield Township,MI,48047",42.6518,-82.817,,2026-07-01,0,0,,,No,No,3,Midwest
235729,Michigan Veteran Homes at Grand Rapids,2950 Monroe NE,Grand Rapids,MI,49505,6163456107,400,Kent,Y,Government - State,128,122.7,,Medicare and Medicaid,N,STATE OF MICHIGAN OFFICE OF FINANCIAL MANAGEMENT,2021-11-26,,,,,,,,N,,N,N,N,Resident,Yes,5,,5,,4,,4,,,2,5,,,,4.60314,1.57035,1.04036,2.61070,7.21384,6.32724,0.59005,0.03624,44.9,,24.1,,0,,1.09647,0.77661,1.79975,0.66685,0.53221,2.99881,2.65850,5.88493,2.00763,1.33005,9.22261,8.08912,2025-04-30,2,2,0,8,1,0,8,2024-04-04,2,1,1,8,0,0,8,8.000,,0,0.00,0,0,"2950 Monroe NE,Grand Rapids,MI,49505",43.0159,-85.663,,2026-07-01,0,0,,,No,No,3,Midwest
245620,MN Veterans Home Minneapolis,5101 MINNEHAHA AVENUE SOUTH,MINNEAPOLIS,MN,55417,6515392400,260,Hennepin,Y,Government - State,341,293.5,,Medicare and Medicaid,N,STATE OF MINNESOTA - MINNESOTA MANAGEMENT AND BUDGET,2014-01-06,,,,,,,,N,,N,N,N,Both,Yes,3,,3,,4,,4,,,2,4,,,,3.99765,0.74743,1.46821,2.21564,6.21329,5.54836,0.97654,0.05747,,26,,26,,26,1.14785,0.81301,1.88410,0.69811,0.55715,3.13936,2.78309,4.88203,0.91278,1.79302,7.58783,6.77579,2025-04-10,9,7,2,48,1,0,48,2024-03-21,8,7,1,48,1,0,48,48.000,,0,0.00,0,0,"5101 MINNEHAHA AVENUE SOUTH,MINNEAPOLIS,MN,55417",44.9138,-93.206,,2026-07-01,0,0,,,No,No,3,Midwest
245628,MINNESOTA VETERANS HOME - SILVER BAY,56 OUTER DRIVE,SILVER BAY,MN,55614,2183538700,370,Lake,N,Government - Federal,54,51.3,,Medicare and Medicaid,N,STATE OF MINNESOTA - MINNESOTA MANAGEMENT AND BUDGET,2015-10-20,,,,,,,,N,,N,N,N,Resident,Yes,4,,4,,4,,4,,,2,4,,,,2.68650,0.64857,1.63259,2.28116,4.96765,4.14294,1.02780,0.09661,,26,,26,1,,1.11885,0.79247,1.83649,0.68047,0.54307,3.06003,2.71277,3.36587,0.81258,2.04544,6.22389,5.19062,2026-04-16,5,5,1,20,0,0,20,2025-03-20,1,0,1,20,0,0,20,20.000,,0,0.00,0,0,"56 OUTER DRIVE,SILVER BAY,MN,55614",47.2947,-91.258,,2026-07-01,0,0,,,No,No,3,Midwest
245631,MN VETERANS HOME - LUVERNE,1300 NORTH KNISS AVENUE,LUVERNE,MN,56156,5072836200,660,Rock,Y,Government - State,85,60.1,,Medicare and Medicaid,N,STATE OF MINNESOTA - MINNESOTA MANAGEMENT AND BUDGET,2016-08-31,,,,,,,,N,,N,N,N,Both,Yes,5,,4,,3,,3,,,2,5,,,,3.09757,0.56993,1.57340,2.14333,5.24089,4.72297,1.19322,0.08172,20.9,,25.0,,0,,1.18592,0.83998,1.94659,0.72126,0.57563,3.24348,2.87540,3.66139,0.67367,1.85979,6.19485,5.58265,2026-03-10,1,0,1,20,0,0,20,2024-12-04,5,1,4,32,1,0,32,23.000,,0,0.00,0,0,"1300 NORTH KNISS AVENUE,LUVERNE,MN,56156",43.6682,-96.213,,2026-07-01,0,0,,,No,No,3,Midwest
245636,MN VETERANS HOME FERGUS FALLS,1821 NORTH PARK,FERGUS FALLS,MN,56537,2187360400,550,Otter Tail,N,Government - State,85,75.7,,Medicare and Medicaid,N,STATE OF MINNESOTA - MINNESOTA MANAGEMENT AND BUDGET,2018-07-06,,,,,,,,N,,Y,N,N,Both,Yes,4,,2,,5,,5,,,2,5,,,,2.78417,0.53281,1.84891,2.38172,5.16588,4.65107,1.34321,0.05006,27.2,,12.1,,,26,1.00869,0.71444,1.65567,0.61347,0.48960,2.75875,2.44568,3.86919,0.74045,2.56944,7.17908,6.46364,2026-05-06,3,0,3,48,0,0,48,2025-02-05,2,2,0,8,1,0,8,38.000,,1,23520.00,1,2,"1821 NORTH PARK,FERGUS FALLS,MN,56537",46.3017,-96.076,,2026-07-01,0,0,,,No,No,3,Midwest
275100,MONTANA VETERANS HOME N H,400 VETERANS DR,COLUMBIA FALLS,MT,59912,4068923256,140,Flathead,N,Government - State,105,75.0,,Medicare and Medicaid,N,STATE OF MONTANA,1982-01-07,,,,,,,,N,,Y,N,N,Resident,Yes,3,,2,,3,,3,,,2,5,,,,3.97073,0.46035,1.24909,1.70944,5.68017,5.23440,0.99716,0.06575,42.9,,40.6,,1,,1.00720,0.71339,1.65323,0.61256,0.48888,2.75467,2.44206,5.52633,0.64070,1.73845,7.90548,7.28507,2024-07-18,4,1,3,141,1,0,141,2023-06-22,5,5,0,36,1,0,36,114.750,,1,93899.00,1,2,"400 VETERANS DR,COLUMBIA FALLS,MT,59912",48.3653,-114.19,22,2026-07-01,0,0,,,No,No,3,Mountain West
275144,EASTERN MONTANA VETERANS HOME,2000 MONTANA AVE,GLENDIVE,MT,59330,4063778115,100,Dawson,N,Government - State,80,50.0,,Medicare and Medicaid,N,"GLENDIVE NURSING AND REHAB CENTER, LLC",1995-08-01,EDURO HEALTHCARE,193,35,2.4,2.4,2.1,3.1,N,,N,N,N,Resident,Yes,3,,3,,2,,2,,,2,4,,,,2.81902,0.57856,0.89578,1.47434,4.29336,3.67387,0.56496,0.07590,79.7,,80.0,,2,,0.98600,0.69838,1.61843,0.59967,0.47859,2.69670,2.39067,4.00777,0.82253,1.27352,6.10381,5.22309,2025-02-13,11,9,2,92,1,0,92,2024-01-31,10,0,10,96,0,0,96,93.000,,3,50805.00,0,3,"2000 MONTANA AVE,GLENDIVE,MT,59330",47.1272,-104.69,,2026-07-01,0,0,2.4,2.4,No,No,3,Mountain West
275156,SOUTHWEST MONTANA VETERANS HOME,65 VETERANS CIRCLE,BUTTE,MT,59701,4067923100,460,Silver Bow,N,For profit - Limited Liability company,60,57.3,,Medicare and Medicaid,N,BUTTE NURSING AND REHAB CENTER LLC,2021-08-06,EDURO HEALTHCARE,193,35,2.4,2.4,2.1,3.1,N,,N,N,N,Both,Partial,5,,4,,4,,4,,,2,5,,,,2.13682,0.71295,1.49493,2.20788,4.34470,3.81493,0.92918,0.04017,53.9,,50.0,,0,,1.07188,0.75920,1.75939,0.65190,0.52028,2.93157,2.59889,2.79450,0.93238,1.95505,5.68193,4.98910,2025-06-19,9,9,0,48,1,0,48,2024-06-06,3,3,1,12,1,0,12,39.000,,0,0.00,0,0,"65 VETERANS CIRCLE,BUTTE,MT,59701",45.9467,-112.52,22,2026-07-01,0,0,2.4,2.4,No,No,3,Mountain West
295081,NEVADA STATE VETERANS HOME - BOULDER CITY,100 VETERANS MEMORIAL DR,BOULDER CITY,NV,89005,7023326711,010,Clark,Y,Government - State,180,167.7,,Medicare and Medicaid,N,STATE OF NEVADA,2002-09-24,,,,,,,,N,,N,N,N,Both,Yes,5,,4,,5,,5,,,2,3,,,,2.34864,0.80687,0.83607,1.64295,3.99159,3.61098,0.62917,0.02603,,26,,26,,26,1.13062,0.80081,1.85581,0.68763,0.54879,3.09223,2.74131,2.91194,1.00039,1.03660,4.94893,4.47703,2026-02-13,3,3,0,12,1,0,12,2024-12-06,12,9,4,64,1,0,64,25.000,,1,10358.00,0,1,"100 VETERANS MEMORIAL DR,BOULDER CITY,NV,89005",35.9702,-114.87,,2026-07-01,0,0,,,No,No,3,Mountain West
295105,NORTHERN NEVADA STATE VETERANS HOME,36 BATTLEBORN WAY,SPARKS,NV,89431,7635375700,150,Washoe,Y,For profit - Corporation,96,93.3,,Medicare and Medicaid,N,DIMENSIONS MANAGEMENT OF NORTHERN NEVADA LLC,2019-07-03,HEALTH DIMENSIONS GROUP,821,10,3.2,2.8,4.0,3.7,N,,Y,N,N,Both,Yes,4,,2,,5,,5,,,2,5,,,,3.36760,0.98543,1.02163,2.00706,5.37466,5.05160,0.69514,0.05298,51.9,,46.9,,1,,1.15468,0.81784,1.89530,0.70226,0.56046,3.15802,2.79964,4.08830,1.19632,1.24027,6.52489,6.13269,2026-04-02,9,9,1,32,1,0,32,2025-03-13,25,11,14,100,1,0,100,49.000,,0,0.00,0,0,"36 BATTLEBORN WAY,SPARKS,NV,89431",39.5481,-119.73,22,2026-07-01,0,0,3.2,2.8,No,No,3,Mountain West
315346,NEW JERSEY VETERANS MEMORIAL HOME AT PARAMUS,1 VETERANS DRIVE,PARAMUS,NJ,07652,2016348212,100,Bergen,Y,Government - State,336,206.0,,Medicare,N,STATE OF NEW JERSEY OMB CENTRALIZED PAYROLL,1995-06-22,,,,,,,,N,,N,N,N,Both,Yes,5,,5,,3,,3,,,2,5,,,,3.55634,0.86677,1.34274,2.20952,5.76586,5.22457,0.93987,0.05135,22.0,,14.5,,1,,1.27241,0.90123,2.08854,0.77386,0.61761,3.48001,3.08509,3.91796,0.95491,1.47928,6.35214,5.75582,2025-04-04,6,4,2,24,1,0,24,2023-01-23,0,0,0,0,0,0,0,18.000,0,0,0.00,0,0,"1 VETERANS DRIVE,PARAMUS,NJ,07652",40.959,-74.063,,2026-07-01,0,0,,,No,No,3,Northeast
315459,NEW JERSEY VETERANS MEMORIAL HOME MENLO,132 EVERGREEN RD,EDISON,NJ,08818,7324524100,270,Middlesex,Y,Government - State,328,185.7,,Medicare,N,NEW JERSEY VETERANS MEMORIAL HOME MENLO PARK,1999-10-26,,,,,,,,N,,N,N,N,Resident,Yes,5,,4,,3,,3,,3,,5,,,,3.49542,1.39342,1.13267,2.52609,6.02151,5.79824,0.91245,0.03509,17.0,,24.2,,1,,1.22849,0.87013,2.01645,0.74715,0.59629,3.35989,2.97860,3.98851,1.58999,1.29245,6.87094,6.61617,2025-09-05,9,9,0,36,1,0,36,2024-07-16,0,0,0,0,0,0,0,27.000,0,0,0.00,0,0,"132 EVERGREEN RD,EDISON,NJ,08818",40.5528,-74.332,,2026-07-01,0,0,,,No,No,3,Northeast
315496,NEW JERSEY VETERANS MEMORIAL VINELAND,524 NORTH WEST BLVD,VINELAND,NJ,08360,8564054207,190,Cumberland,Y,Government - State,300,232.2,,Medicare,N,NEW JERSEY MEMORIAL HOME MEMBER'S FUND,2006-05-01,,,,,,,,N,,N,N,N,Both,Yes,3,,2,,3,,4,,3,,5,,,,3.11723,1.19208,0.81659,2.00867,5.12591,4.26589,0.49566,0.02349,32.9,,41.4,,0,,1.11371,0.78883,1.82806,0.67734,0.54058,3.04599,2.70032,3.92354,1.50043,1.02781,6.45178,5.36930,2025-09-19,2,0,2,79,0,0,79,2024-08-30,2,2,0,20,1,0,20,64.250,0,0,0.00,0,0,"524 NORTH WEST BLVD,VINELAND,NJ,08360",39.497,-75.025,,2026-07-01,0,0,,,No,No,3,Northeast
325092,New Mexico State Veterans Home,992 South Broadway,Truth or Consequences,NM,87901,5758944200,250,Sierra,N,Government - State,131,125.9,,Medicare and Medicaid,N,STATE OF NEW MEXICO,1994-01-25,,,,,,,,N,,N,N,N,Resident,Yes,3,,3,,3,,3,,,2,3,,,,4.46645,1.03058,0.52515,1.55573,6.02218,5.49810,0.33669,0.09397,84.1,,66.7,,0,,1.31847,0.93386,2.16415,0.80187,0.63997,3.60599,3.19678,4.74869,1.09570,0.55833,6.40273,5.84553,2024-12-27,13,12,2,136,1,0,136,2023-08-25,23,17,8,156,1,0,156,141.000,,1,44226.00,0,1,"992 South Broadway,Truth or Consequences,NM,87901",33.1227,-107.26,,2026-07-01,0,0,,,No,No,3,Mountain West
335097,N Y S VETERANS HOME,4211 STATE HIGHWAY 220,OXFORD,NY,13830,6078433100,080,Chenango,N,Government - State,242,210.2,,Medicare and Medicaid,N,STATE OF NEW YORK COMPTROLLERS OFFICE,1967-01-01,STATE OF NEW YORK COMPTROLLER'S OFFICE,489,6,4.5,4.7,4.0,4.0,N,,N,N,N,Both,Yes,3,,4,,3,,5,,2,,1,25,25,6,,,,,,,,,,26,,26,,26,,,,,,,,,,,,,2025-05-16,2,2,0,8,1,0,8,2023-10-06,3,2,2,24,1,0,24,12.000,,0,0.00,0,0,"4211 STATE HIGHWAY 220,OXFORD,NY,13830",42.4528,-75.607,,2026-07-01,0,0,4.5,4.7,No,No,3,Northeast
335289,Soldiers and Sailors Memorial Hospital Extended Ca,418 North Main Street,Penn Yan,NY,14527,3155312730,910,Yates,N,Non profit - Other,152,134.4,,Medicare and Medicaid,N,SOLDIERS & SAILORS MEMORIAL HOSPITAL,1969-06-15,,,,,,,,N,,N,N,N,Resident,Yes,1,,1,,2,,2,,,2,3,,,,2.22853,0.88174,0.45580,1.33754,3.56607,3.20241,0.24755,0.31280,68.3,,66.7,,0,,1.23983,0.87816,2.03508,0.75405,0.60180,3.39092,3.00611,2.51963,0.99692,0.51534,4.03189,3.62072,2024-11-04,6,6,2,149,1,0,149,2022-09-30,4,4,0,4,1,0,4,112.750,,1,21733.00,0,1,"418 North Main Street,Penn Yan,NY,14527",42.6707,-77.06,,2026-07-01,0,0,,,No,No,3,Northeast
335758,Long Island State Veterans Home,100 Patriots Road,Stonybrook,NY,11790,6314448500,700,Suffolk,Y,Government - State,350,310.4,,Medicare and Medicaid,N,STATE OF NEW YORK COMPTROLLERS OFFICE,1992-04-23,STATE OF NEW YORK COMPTROLLER'S OFFICE,489,6,4.5,4.7,4.0,4.0,N,,N,N,N,Both,Yes,5,,5,,2,,4,,1,,5,,,,2.75212,0.66529,1.23739,1.90268,4.65480,4.16029,0.86921,0.08040,24.8,,17.8,,0,,1.40925,0.99816,2.31316,0.85709,0.68403,3.85427,3.41688,2.73754,0.66177,1.23084,4.63015,4.13825,2025-03-11,2,2,0,4,1,0,4,2023-09-01,1,1,0,4,1,0,4,4.000,,0,0.00,0,0,"100 Patriots Road,Stonybrook,NY,11790",40.9065,-73.111,,2026-07-01,0,0,4.5,4.7,No,No,3,Northeast
335770,N Y S VETERANS HOME IN N Y C,178 50 LINDEN BLVD,JAMAICA,NY,11434,7189900329,590,Queens,Y,Government - State,250,216.5,,Medicare and Medicaid,N,STATE OF NEW YORK COMPTROLLERS OFFICE,1994-01-13,STATE OF NEW YORK COMPTROLLER'S OFFICE,489,6,4.5,4.7,4.0,4.0,N,,N,Y,N,Resident,Yes,4,,4,,4,,5,,3,,4,,,,2.84461,0.81990,0.66194,1.48183,4.32644,3.53478,0.42312,0.08758,32.6,,41.4,,,26,1.21027,0.85722,1.98655,0.73607,0.58745,3.31007,2.93444,3.29474,0.94964,0.76668,5.01106,4.09412,2024-05-16,4,3,1,20,1,0,20,2022-04-21,6,1,5,28,1,0,28,22.000,,0,0.00,0,0,"178 50 LINDEN BLVD,JAMAICA,NY,11434",40.677,-73.778,22,2026-07-01,0,0,4.5,4.7,No,No,3,Northeast
335788,Western New York State Veterans Home,220 Richmond Avenue,Batavia,NY,14020,5853452076,290,Genesee,N,Government - State,126,121.0,,Medicare and Medicaid,N,STATE OF NEW YORK COMPTROLLERS OFFICE,1995-08-30,STATE OF NEW YORK COMPTROLLER'S OFFICE,489,6,4.5,4.7,4.0,4.0,N,,N,Y,N,Both,Yes,5,,5,,5,,5,,,2,4,,,,2.19103,0.69544,0.71521,1.41065,3.60168,3.20828,0.39987,0.04450,49.6,,58.3,,,26,1.21146,0.85807,1.98851,0.73679,0.58803,3.31333,2.93732,2.53525,0.80470,0.82757,4.16752,3.71231,2023-11-17,1,1,0,4,1,0,4,2022-02-01,1,0,1,0,0,0,0,3.000,,0,0.00,0,0,"220 Richmond Avenue,Batavia,NY,14020",43.0091,-78.198,,2026-07-01,0,0,4.5,4.7,No,No,3,Northeast
335832,New York State Veterans Home At Montrose,2090 Albany Post Road,Montrose,NY,10548,9147886000,800,Westchester,Y,Government - State,252,200.6,,Medicare,N,STATE OF NEW YORK COMPTROLLERS OFFICE,2001-10-05,,,,,,,,N,,Y,Y,N,Both,Yes,2,,1,,3,,2,,3,,5,,,,2.40008,0.38936,1.15955,1.54891,3.94899,3.38326,0.85853,0.02929,26.5,,27.8,,,26,1.21573,0.86109,1.99551,0.73939,0.59010,3.32499,2.94766,2.76739,0.44895,1.33701,4.55335,3.90104,2023-07-27,12,8,6,80,1,0,80,2019-06-22,9,2,7,72,1,0,72,78.000,,1,29153.00,0,1,"2090 Albany Post Road,Montrose,NY,10548",41.2448,-73.926,,2026-07-01,0,0,,,No,No,3,Northeast
345531,NC State Veterans Home - Salisbury,"1601 Brenner Ave., Building #10",Salisbury,NC,28145,7046384200,790,Rowan,Y,Government - State,99,83.2,,Medicare and Medicaid,N,NC DEPT OF MILITARY AND VETERANS AFFAIRS NC DIVISION OF VETER AFFAIRS,2004-11-22,,,,,,,,N,,N,N,N,Resident,Yes,4,,2,,5,,5,,,2,5,,,,2.79986,0.84669,1.14327,1.98996,4.78982,3.81342,0.52670,0.00000,43.9,,14.3,,0,,1.34883,0.95536,2.21398,0.82034,0.65470,3.68902,3.27038,2.90979,0.87993,1.18816,4.97788,3.96314,2025-12-12,12,12,1,86,1,0,86,2024-08-08,3,3,0,16,1,0,16,68.500,,1,12444.00,0,1,"1601 Brenner Ave., Building #10,Salisbury,NC,28145",35.6613,-80.447,22,2026-07-01,0,0,,,No,No,3,Southeast
345558,NC State Veterans Home - Black Mountain,62 Lake Eden Road,Black Mountain,NC,28711,8282576800,100,Buncombe,Y,For profit - Corporation,100,82.3,,Medicare and Medicaid,N,NC DEPT OF MILTARY AND VETERANS AFFAIRS NC DIVISION OF VETERAN AFF,2013-02-20,PRUITTHEALTH,434,99,2.9,2.8,2.5,3.6,N,,N,N,N,Resident,Yes,2,,1,,5,,5,,,2,5,,,,3.20329,0.76353,1.46484,2.22837,5.43167,4.32615,0.82580,0.04480,45.3,,44.0,,2,,1.33519,0.94570,2.19159,0.81204,0.64808,3.65172,3.23732,3.36307,0.80161,1.53791,5.70259,4.54193,2025-12-04,2,2,0,12,1,0,12,2024-09-05,16,8,10,321,1,0,321,89.250,0,1,12759.00,0,1,"62 Lake Eden Road,Black Mountain,NC,28711",35.6177,-82.371,,2026-07-01,0,0,2.9,2.8,No,No,3,Southeast
345560,NC State Veterans Home-Kinston,2150 Hull Road,Kinston,NC,28504,2529398000,530,Lenoir,N,Government - State,100,91.5,,Medicare and Medicaid,N,NC DEPARTMENT OF MILITARY AND VETERAN AFFAIRS NC DIVISION OF VET,2013-08-08,PRUITTHEALTH,434,99,2.9,2.8,2.5,3.6,N,,Y,N,N,Resident,Yes,1,,1,,3,,4,,1,,4,,,,3.43440,0.70896,0.89366,1.60263,5.03702,4.21263,0.67024,0.03180,37.9,,48.1,,,26,1.22289,0.86616,2.00726,0.74374,0.59357,3.34457,2.96502,3.93683,0.81268,1.02440,5.77390,4.82891,2025-11-14,4,0,4,80,0,0,80,2024-08-22,6,2,4,153,1,0,153,98.250,,5,74987.00,0,5,"2150 Hull Road,Kinston,NC,28504",35.2847,-77.623,,2026-07-01,0,0,2.9,2.8,No,No,3,Southeast
345579,North Carolina State Veterans Home Kernersville,1795 Kernersville Medical Parkway,Kernersville,NC,27284,7432093042,330,Forsyth,Y,Government - State,120,58.0,,Medicare and Medicaid,N,NC DEPT OF MILITARY AND VETERANS AFFAIRS,2024-08-22,PRUITTHEALTH,434,99,2.9,2.8,2.5,3.6,N,,N,N,N,Resident,Yes,5,,5,,4,,4,,,2,4,,,,4.18558,1.85270,1.18999,3.04269,7.22827,6.24218,0.86426,0.00000,,26,,26,,26,1.30509,0.92438,2.14218,0.79374,0.63347,3.56939,3.16433,4.49570,1.98997,1.27816,7.76383,6.70468,2025-12-05,0,0,0,0,0,0,0,2024-08-22,0,0,0,0,0,0,0,0.000,,0,0.00,0,0,"1795 Kernersville Medical Parkway,Kernersville,NC,27284",36.1163,-80.092,22,2026-07-01,0,0,2.9,2.8,No,No,3,Southeast
355114,NORTH DAKOTA VETERANS HOME,1600 VETERANS DRIVE,LISBON,ND,58054,7016836500,360,Ransom,N,Government - State,52,49.6,,Medicare and Medicaid,N,NORTH DAKOTA VETERANS HOME,1991-12-02,,,,,,,,N,,N,N,N,,Yes,5,,5,,4,,4,,,2,5,,,,3.44598,0.10873,1.51542,1.62414,5.07012,4.54151,1.06505,0.00319,32.9,,29.4,,0,,1.05169,0.74490,1.72625,0.63962,0.51048,2.87635,2.54993,4.59312,0.14492,2.01988,6.75792,6.05334,2025-08-06,0,0,0,0,0,0,0,2024-06-27,3,2,1,28,1,0,28,7.000,,2,32128.00,0,2,"1600 VETERANS DRIVE,LISBON,ND,58054",46.4153,-97.653,22,2026-07-01,0,0,,,No,No,3,Midwest
366325,OHIO VETERANS HOME,3416 COLUMBUS AVE,SANDUSKY,OH,44870,4196252454,220,Erie,Y,Government - State,427,241.9,,Medicare and Medicaid,N,STATE OF OHIO OFFICE OF BUDGET AND MANAGEMENT STATE ACCOUNTING,2006-10-01,,,,,,,,N,,Y,Y,N,Resident,Yes,4,,2,,5,,5,,5,,5,,,,2.62826,1.47642,0.75931,2.23573,4.86399,4.40459,0.56643,0.01752,36.2,,5.0,,2,,1.23185,0.87251,2.02197,0.74919,0.59792,3.36909,2.98676,2.99083,1.68010,0.86405,5.53498,5.01220,2024-01-11,10,5,5,72,1,0,72,2019-10-24,10,5,5,88,1,0,88,76.000,,0,0.00,0,0,"3416 COLUMBUS AVE,SANDUSKY,OH,44870",41.4196,-82.69,,2026-07-01,0,0,,,No,No,3,Midwest
366351,OHIO VETERANS HOME - GEORGETOWN,2003 VETERANS BLVD,GEORGETOWN,OH,45121,9373782900,070,Brown,Y,Government - State,168,97.5,,Medicare and Medicaid,N,STATE OF OHIO OFFICE OF BUDGET AND MANAGEMENT STATE ACCOUNTING,2008-01-01,,,,,,,,N,,N,Y,N,Resident,Yes,5,,4,,4,,4,,,2,5,,,,3.18415,1.74766,0.67719,2.42485,5.60900,4.90607,0.40536,0.00000,40.5,,33.3,,0,,1.13210,0.80185,1.85824,0.68853,0.54951,3.09627,2.74490,3.94268,2.16398,0.83851,6.94517,6.07479,2023-05-04,3,3,0,12,1,0,12,2020-03-05,15,14,1,96,1,0,96,33.000,0,0,0.00,0,0,"2003 VETERANS BLVD,GEORGETOWN,OH,45121",38.8772,-83.888,,2026-07-01,0,0,,,No,No,3,Midwest
385257,OREGON VETERANS HOME,700 VETERANS DRIVE,THE DALLES,OR,97058,5412967190,320,Wasco,N,Non profit - Corporation,151,110.8,,Medicare and Medicaid,N,STATE OF OREGON DEPARTMENT OF VETERANS AFFAIRS,1998-04-29,,,,,,,,N,,N,N,N,Resident,Yes,5,,5,,4,,3,,4,,5,,,,3.76314,0.27875,0.99110,1.26985,5.03299,4.30752,0.52005,0.01271,41.2,,25.0,,2,,1.22586,0.86826,2.01213,0.74555,0.59501,3.35269,2.97222,4.30321,0.31876,1.13334,5.75531,4.92572,2025-03-14,5,5,5,24,1,0,24,2023-11-03,3,3,2,12,1,0,12,21.000,,0,0.00,0,0,"700 VETERANS DRIVE,THE DALLES,OR,97058",45.6004,-121.13,,2026-07-01,0,0,,,No,No,3,Pacific
385280,LEBANON VETERANS HOME,600 NORTH 5TH STREET,LEBANON,OR,97355,5414977265,210,Linn,Y,Government - State,154,144.1,,Medicare and Medicaid,N,STATE OF OREGON DEPARTMENT OF VETERANS AFFAIRS,2014-12-26,,,,,,,,N,,Y,N,N,Resident,Yes,3,,2,,3,,3,,,2,5,,,,3.57408,1.45476,0.58293,2.03768,5.61177,4.82993,0.22764,0.01463,35.6,,40.9,,0,,1.28139,0.90760,2.10329,0.77932,0.62197,3.50458,3.10687,3.90989,1.59144,0.63770,6.13903,5.28373,2025-09-09,13,13,0,60,1,0,60,2024-05-03,16,16,2,64,1,0,64,61.000,,0,0.00,0,0,"600 NORTH 5TH STREET,LEBANON,OR,97355",44.5518,-122.91,,2026-07-01,0,0,,,No,No,3,Pacific
39A433,GINO J MERLI VETERANS CENTER,401 PENN AVENUE,SCRANTON,PA,18503,5709614300,420,Lackawanna,Y,Government - State,196,182.4,,Medicaid,N,Legal Business Name Not Available,2009-01-01,,,,,,,,N,,N,N,N,Both,Yes,5,,4,,5,,5,,,2,5,,,,3.05483,1.29341,1.04991,2.34331,5.39814,4.44035,0.71187,0.03060,30.1,,19.4,,0,,1.18521,0.83947,1.94541,0.72082,0.57528,3.24152,2.87366,3.61306,1.52976,1.24176,6.38458,5.25176,2026-04-10,3,3,0,12,1,0,12,2025-06-06,2,1,1,28,1,0,28,16.000,,0,0.00,0,0,"401 PENN AVENUE,SCRANTON,PA,18503",41.412,-75.664,,2026-07-01,0,0,,,No,No,3,Northeast
39A434,PENNSYLVANIA SOLDIERS AND SAILORS HOME,560 EAST THIRD ST,ERIE,PA,16512,8148714531,320,Erie,Y,Government - State,107,98.3,,Medicaid,N,Legal Business Name Not Available,2009-01-01,,,,,,,,N,,N,N,N,Resident,Yes,5,,4,,2,,2,,,2,5,,,,3.37327,0.99869,1.45742,2.45611,5.82938,5.00200,0.88332,0.05178,35.2,,34.2,,0,,1.08047,0.76528,1.77349,0.65713,0.52445,2.95506,2.61971,4.37644,1.29569,1.89084,7.56297,6.48953,2026-03-13,4,4,0,20,1,0,20,2025-03-07,4,4,0,16,1,0,16,19.000,,0,0.00,0,0,"560 EAST THIRD ST,ERIE,PA,16512",42.137,-80.074,,2026-07-01,0,0,,,No,No,3,Northeast
39A435,SOUTHEASTERN PENNSYLVANIA VETERAN'S CENTER,ONE VETERANS DRIVE,SPRING CITY,PA,19475,6109482400,210,Chester,Y,Government - State,238,198.3,,Medicaid,N,Legal Business Name Not Available,2009-01-01,,,,,,,,N,,Y,N,N,Both,Yes,4,,2,,5,,5,,,2,5,,,,3.11023,0.93963,1.41339,2.35302,5.46325,4.60383,1.06725,0.05552,28.2,,25.0,,1,,1.10045,0.77944,1.80629,0.66928,0.53414,3.00972,2.66817,3.96190,1.19693,1.80041,6.95924,5.86449,2025-05-09,7,5,2,88,1,0,88,2024-06-14,2,1,1,8,1,0,8,68.000,,1,15733.00,0,1,"ONE VETERANS DRIVE,SPRING CITY,PA,19475",40.174,-75.572,22,2026-07-01,0,0,,,No,No,3,Northeast
39A436,DELAWARE VALLEY VETERAN'S HOME,2701 SOUTHAMPTON RD,PHILADELPHIA,PA,19154,2159650301,620,Philadelphia,Y,Government - State,171,162.3,,Medicaid,N,Legal Business Name Not Available,2009-01-01,,,,,,,,N,,Y,N,N,Both,Yes,4,,2,,5,,5,,,2,5,,,,2.45557,0.95474,0.81983,1.77456,4.23013,3.64173,0.45171,0.03894,29.6,,22.6,,0,,1.14343,0.80988,1.87684,0.69542,0.55501,3.12727,2.77238,3.01040,1.17045,1.00506,5.18591,4.46456,2025-07-24,10,6,5,76,1,0,76,2024-10-18,11,6,5,64,1,0,64,73.000,,1,10036.00,0,1,"2701 SOUTHAMPTON RD,PHILADELPHIA,PA,19154",40.114,-74.988,,2026-07-01,0,0,,,No,No,3,Northeast
39A437,HOLLIDAYSBURG VETERANS HOME,500 MUNICIPAL DR,HOLLIDAYSBURG,PA,16648,8146965356,120,Blair,Y,Government - State,257,187.3,,Medicaid,N,Legal Business Name Not Available,2009-01-01,,,,,,,,N,,Y,N,N,Both,Yes,3,,2,,4,,4,,,2,5,,,,2.43886,1.40397,1.28335,2.68732,5.12618,4.61992,0.83503,0.06733,23.3,,14.5,,0,,1.11097,0.78689,1.82356,0.67568,0.53925,3.03849,2.69368,3.07727,1.77148,1.61928,6.46803,5.82925,2025-06-12,17,11,6,128,1,0,128,2024-07-18,12,12,0,76,1,0,76,115.000,,0,0.00,0,0,"500 MUNICIPAL DR,HOLLIDAYSBURG,PA,16648",40.4357,-78.39,22,2026-07-01,0,0,,,No,No,3,Northeast
39A438,SOUTHWESTERN VETERANS CENTER,7060 HIGHLAND DRIVE,PITTSBURGH,PA,15206,4126656706,010,Allegheny,Y,Government - State,236,175.4,,Medicaid,N,Legal Business Name Not Available,2009-01-01,,,,,,,,N,,Y,N,N,Resident,Yes,3,,2,,4,,4,,,2,5,,,,2.06025,0.77806,1.43239,2.21044,4.27069,3.69619,1.08072,0.03145,45.8,,26.8,,0,,1.18291,0.83784,1.94164,0.71943,0.57417,3.23524,2.86809,2.44146,0.92203,1.69742,5.06091,4.38011,2026-05-15,8,6,2,64,0,0,64,2025-04-25,23,16,7,195,1,0,195,96.750,,1,245564.00,0,1,"7060 HIGHLAND DRIVE,PITTSBURGH,PA,15206",40.4777,-79.899,,2026-07-01,0,0,,,No,No,3,Northeast
425301,Richard M Campbell Veterans Nursing Home,4605 Belton Highway,Anderson,SC,29621,8642616734,030,Anderson,Y,Government - State,220,209.7,,Medicare and Medicaid,N,Legal Business Name Not Available,1991-03-13,,,,,,,,N,,N,N,N,Resident,Yes,4,,4,,4,,4,,,2,3,,,,2.10592,0.97442,0.34664,1.32106,3.42697,2.75232,0.21325,0.02558,42.1,,28.6,,1,,1.14789,0.81303,1.88415,0.69813,0.55717,3.13944,2.78317,2.57173,1.18995,0.42331,4.18499,3.36111,2025-12-18,0,0,0,0,0,0,0,2024-09-20,4,3,1,32,1,0,32,8.000,,0,0.00,0,0,"4605 Belton Highway,Anderson,SC,29621",34.4762,-82.578,,2026-07-01,0,0,,,No,No,3,Southeast
425386,Veterans Victory House,2461 Sidney Road,Walterboro,SC,29488,8435383000,140,Colleton,N,Government - State,220,184.2,,Medicare and Medicaid,N,STATE OF SOUTH CAROLINA COMPTROLLER GENERAL,2007-10-03,,,,,,,,N,,N,N,N,Resident,Yes,5,,5,,4,,4,,,2,4,,,,2.21945,0.75216,0.63363,1.38579,3.60524,3.09409,0.38518,0.01925,34.6,,36.7,,2,,1.09891,0.77835,1.80376,0.66834,0.53340,3.00550,2.66443,2.83117,0.95946,0.80827,4.59890,3.94687,2026-05-14,0,0,0,0,0,0,0,2025-02-21,1,1,0,16,1,0,16,4.000,0,0,0.00,0,0,"2461 Sidney Road,Walterboro,SC,29488",32.8912,-80.695,22,2026-07-01,0,0,,,No,No,3,Southeast
425419,Veteran Village,1200 E National Cemetery Road,Florence,SC,29506,8434324600,200,Florence,Y,Government - State,52,52.2,,Medicare and Medicaid,N,STATE OF SOUTH CAROLINA COMPTROLLER GENERAL,2023-02-11,,,,,,,,N,,N,N,N,Both,Yes,4,,4,,4,,4,,,2,3,,,,3.21833,1.72707,0.66027,2.38734,5.60568,5.02319,0.35421,0.03610,,26,,26,,26,1.13207,0.80183,1.85819,0.68851,0.54949,3.09618,2.74482,3.98511,2.13855,0.81758,6.94125,6.21998,2026-02-12,0,0,0,0,0,0,0,2024-10-11,6,5,1,56,1,0,56,14.000,,12,47631.00,0,12,"1200 E National Cemetery Road,Florence,SC,29506",34.1836,-79.748,,2026-07-01,0,0,,,No,No,3,Southeast
43A136,Michael J Fitzmaurice South Dakota Veterans Home,2500 MINNEKAHTA AVENUE,HOT SPRINGS,SD,57747,6057455127,230,Fall River,N,Government - State,78,51.9,,Medicaid,N,Legal Business Name Not Available,2011-02-11,,,,,,,,N,,N,N,N,Both,Yes,2,,2,,4,,4,,,2,,2,6,6,,,,,,,,,,26,,26,,26,,,,,,,,,,,,,2025-05-01,5,5,0,56,2,28,84,2024-02-15,7,6,1,52,1,0,52,76.000,,1,39293.00,0,1,"2500 MINNEKAHTA AVENUE,HOT SPRINGS,SD,57747",43.438,-103.49,,2026-07-01,0,0,,,No,No,3,Midwest
445270,TENNESSEE VETERANS HOME,345 COMPTON ROAD,MURFREESBORO,TN,37130,6158958850,740,Rutherford,Y,Government - State,140,97.3,,Medicare and Medicaid,N,TENNESSEE STATE VETERANS HOME BOARD,1991-07-01,TENNESSEE STATE VETERANS' HOME,704,5,3.6,3.6,3.8,3.0,N,,N,N,N,Resident,Yes,1,,1,,3,,3,,3,,4,,,,2.87795,1.46212,0.48981,1.95194,4.82989,3.89436,0.26396,0.04714,67.1,,50.0,,1,,1.28188,0.90794,2.10409,0.77962,0.62221,3.50591,3.10805,3.14716,1.59889,0.53563,5.28168,4.25865,2026-05-06,2,2,0,8,1,0,8,2025-01-30,14,6,9,623,1,0,623,161.750,,1,193155.00,1,2,"345 COMPTON ROAD,MURFREESBORO,TN,37130",35.9098,-86.377,,2026-07-01,0,0,3.6,3.6,No,No,3,Southeast
445366,W D BILL MANNING TENNESSEE STATE VETERANS HOME,2865 MAIN STREET,HUMBOLDT,TN,38343,7317848405,260,Gibson,Y,Government - State,140,134.3,,Medicare and Medicaid,N,TENNESSEE STATE VETERANS HOME BOARD,1996-02-15,TENNESSEE STATE VETERANS' HOME,704,5,3.6,3.6,3.8,3.0,N,,N,Y,N,Resident,Yes,4,,4,,4,,5,,3,,4,,,,2.48699,1.34730,0.40613,1.75343,4.24043,3.59056,0.27643,0.03314,21.9,,15.4,,0,,1.35208,0.95767,2.21932,0.82232,0.65628,3.69792,3.27827,2.57842,1.39683,0.42106,4.39631,3.72256,2023-10-19,2,2,0,8,1,0,8,2021-11-17,5,5,0,36,1,0,36,15.000,,0,0.00,0,0,"2865 MAIN STREET,HUMBOLDT,TN,38343",35.8174,-88.899,,2026-07-01,0,0,3.6,3.6,No,No,3,Southeast
445484,SENATOR BEN ATCHLEY STATE VETERANS' HOME,ONE VETERANS WAY,KNOXVILLE,TN,37931,8658628100,460,Knox,Y,Government - State,140,127.5,,Medicare and Medicaid,N,TENNESSEE STATE VETERANS HOME BOARD,2007-01-18,TENNESSEE STATE VETERANS' HOME,704,5,3.6,3.6,3.8,3.0,N,,N,N,N,Resident,Yes,5,,5,,2,,4,,1,,4,,,,2.61733,1.17799,0.71646,1.89445,4.51178,4.02019,0.35057,0.02096,42.4,,20.8,,0,,1.29962,0.92050,2.13320,0.79041,0.63082,3.55443,3.15106,2.82310,1.27060,0.77278,4.86648,4.33624,2026-03-11,2,2,0,8,1,0,8,2024-02-14,3,2,1,12,1,0,12,9.000,,0,0.00,0,0,"ONE VETERANS WAY,KNOXVILLE,TN,37931",35.9733,-84.114,22,2026-07-01,0,0,3.6,3.6,No,No,3,Southeast
445524,BRIGADIER GENERAL WENDELL H GILBERT TN STATE VETER,250 ARROWOOD DRIVE,CLARKSVILLE,TN,37042,9312454700,620,Montgomery,Y,Government - State,108,98.7,,Medicare and Medicaid,N,TENNESSEE STATE VETERANS HOME BOARD,2016-05-10,TENNESSEE STATE VETERANS' HOME,704,5,3.6,3.6,3.8,3.0,N,,N,Y,N,Resident,Yes,3,,3,,3,,2,,3,,3,,,,3.22112,1.55334,0.56480,2.11815,5.33926,4.64005,0.32051,0.04009,,26,,26,,26,1.20575,0.85402,1.97912,0.73332,0.58525,3.29769,2.92346,3.74484,1.80590,0.65663,6.20737,5.39447,2022-04-08,3,2,1,40,1,0,40,2019-06-12,3,3,0,12,1,0,12,33.000,,0,0.00,0,0,"250 ARROWOOD DRIVE,CLARKSVILLE,TN,37042",36.5799,-87.423,,2026-07-01,0,0,3.6,3.6,No,No,3,Southeast
445543,TENNESSEE STATE VETERANS HOME- CLEVELAND,1940 WESTLAND DRIVE,CLEVELAND,TN,37311,4238133600,050,Bradley,Y,Government - State,108,101.7,,Medicare and Medicaid,N,TENNESSEE STATE VETERANS HOME BOARD,2024-02-16,TENNESSEE STATE VETERANS' HOME,704,5,3.6,3.6,3.8,3.0,N,,N,N,N,Resident,Yes,5,,5,,3,,3,,2,,4,,,,2.94269,1.51991,0.56769,2.08760,5.03030,4.32923,0.34232,0.04999,56.1,,42.9,,0,,1.27834,0.90543,2.09828,0.77747,0.62049,3.49624,3.09948,3.22686,1.66669,0.62251,5.51606,4.74729,2026-01-22,3,3,0,12,1,0,12,2024-02-16,0,0,0,0,0,0,0,9.000,,0,0.00,0,0,"1940 WESTLAND DRIVE,CLEVELAND,TN,37311",35.144,-84.9,,2026-07-01,0,0,3.6,3.6,No,No,3,Southeast
465150,William E Christofferson Salt Lake Veterans Home,700 South Foothill Drive,Salt Lake City,UT,84113,8015841900,170,Salt Lake,Y,For profit - Limited Liability company,81,73.0,,Medicare and Medicaid,N,AVALON CARE CENTER - VA SALT LAKE II LLC,2000-09-21,AVALON HEALTH CARE,57,16,3.5,2.9,3.9,4.2,N,,N,N,N,Resident,Yes,5,,4,,5,,5,,,2,5,,,,2.55349,0.29549,1.53322,1.82871,4.38220,3.96312,1.30008,0.06321,38.5,,29.0,,1,,1.08170,0.76616,1.77552,0.65788,0.52504,2.95844,2.62271,3.30909,0.38292,1.98692,5.67893,5.13584,2026-03-19,4,3,1,44,1,0,44,2024-02-28,5,5,0,20,1,0,20,38.000,,1,12735.00,0,1,"700 South Foothill Drive,Salt Lake City,UT,84113",40.7549,-111.83,,2026-07-01,0,0,3.5,2.9,No,No,3,Mountain West
465172,George E. Wahlen Ogden Veterans Home,1102 North 1200 West,Ogden,UT,84404,8013344300,280,Weber,Y,Government - State,120,112.5,,Medicare and Medicaid,N,AVALON CARE CENTER - VA OGDEN LLC,2010-02-03,AVALON HEALTH CARE,57,16,3.5,2.9,3.9,4.2,N,,N,N,N,Resident,Yes,4,,2,,5,,5,,4,,5,,,,3.02320,0.52838,1.50051,2.02889,5.05209,4.45619,0.98041,0.02345,26.7,,14.3,,0,,1.17698,0.83364,1.93190,0.71582,0.57129,3.21901,2.85371,3.60065,0.62930,1.78712,6.01707,5.30735,2024-08-07,9,9,9,52,1,0,52,2022-12-01,3,0,3,154,0,0,154,77.500,,1,12363.00,0,1,"1102 North 1200 West,Ogden,UT,84404",41.2767,-112.01,,2026-07-01,0,0,3.5,2.9,No,No,3,Mountain West
465180,Southern Utah Veterans Home - Ivins,160 North 200 East,Ivins,UT,84738,4356345220,260,Washington,Y,For profit - Corporation,108,104.2,,Medicare and Medicaid,N,AVALON CARE CENTER - VA IVINS LLC,2013-08-14,AVALON HEALTH CARE,57,16,3.5,2.9,3.9,4.2,N,,N,N,N,Resident,Yes,5,,3,,5,,5,,4,,5,,,,3.39580,0.83804,1.55229,2.39034,5.78613,5.35906,1.20751,0.03286,36.6,,32.6,,0,,1.12860,0.79937,1.85249,0.68640,0.54781,3.08670,2.73641,4.21778,1.04090,1.92804,7.18672,6.65627,2025-05-20,11,11,10,52,1,0,52,2023-06-28,1,1,0,4,1,0,4,40.000,,0,0.00,0,0,"160 North 200 East,Ivins,UT,84738",37.1711,-113.68,,2026-07-01,0,0,3.5,2.9,No,No,3,Mountain West
465181,Mervyn Sharp Bennion Central Utah Veterans Home,1551 North Main Street,Payson,UT,84651,8014655400,240,Utah,Y,Government - State,108,103.8,,Medicare and Medicaid,N,AVALON CARE CENTER - VA PAYSON LLC,2013-10-21,AVALON HEALTH CARE,57,16,3.5,2.9,3.9,4.2,N,,N,N,N,Resident,Yes,5,,5,,5,,5,,5,,5,,,,3.38717,0.41534,1.88449,2.29983,5.68700,5.19429,1.43567,0.05393,33.7,,22.9,,0,,1.08180,0.76622,1.77567,0.65793,0.52509,2.95869,2.62293,4.38908,0.53820,2.44192,7.36920,6.73075,2026-04-13,1,1,0,4,1,0,4,2024-03-28,5,5,1,32,1,0,32,11.000,,0,0.00,0,0,"1551 North Main Street,Payson,UT,84651",40.0545,-111.73,,2026-07-01,0,0,3.5,2.9,No,No,3,Mountain West
475032,Vermont Veterans' Home,325 North Street,Bennington,VT,05201,8024476510,010,Bennington,N,Government - State,177,83.3,,Medicare and Medicaid,N,VERMONT VETERANS' HOME,1989-03-13,,,,,,,,N,,N,N,N,Both,Yes,2,,4,,1,,1,,,2,1,25,25,6,,,,,,,,,29.2,,12.5,,1,,,,,,,,,,,,,,2026-03-11,6,6,0,60,1,0,60,2025-01-29,5,3,3,28,1,0,28,52.000,,1,8278.00,0,1,"325 North Street,Bennington,VT,05201",42.885,-73.197,,2026-07-01,0,0,,,No,No,3,Northeast
495274,Davis and McDaniel Veterans Care Center,4550 SHENANDOAH AVE N W,ROANOKE,VA,24017,5409822860,801,Roanoke City,Y,Government - State,180,183.1,,Medicare and Medicaid,N,VIRGINIA VETERANS CARE CENTER,1992-11-17,,,,,,,,N,,N,N,N,Resident,Yes,5,,5,,5,,4,,5,,5,,,,2.46796,0.72597,0.79581,1.52178,3.98975,3.35566,0.46849,0.05691,28.7,,20.0,,1,,1.13204,0.80181,1.85813,0.68849,0.54948,3.09610,2.74474,3.05605,0.89896,0.98544,4.94045,4.15527,2026-01-08,3,3,0,16,1,0,16,2022-01-27,1,1,0,4,1,0,4,13.000,,0,0.00,0,0,"4550 SHENANDOAH AVE N W,ROANOKE,VA,24017",37.2794,-80.013,,2026-07-01,0,0,,,No,No,3,Southeast
495393,SITTER AND BARFOOT VETERANS CARE CENTER,1601 BROADROCK BLVD,RICHMOND,VA,23224,8043718000,791,Richmond City,Y,Government - State,200,168.4,,Medicare and Medicaid,N,SITTERBARFOOT VETERANS CARE CENTER,2008-01-25,,,,,,,,N,,N,N,N,Both,Yes,5,,3,,5,,5,,5,,5,,,,3.18772,0.93243,0.79450,1.72693,4.91465,4.06617,0.53164,0.12030,24.4,,25.8,,1,,1.19792,0.84847,1.96628,0.72856,0.58145,3.27629,2.90449,3.73023,1.09111,0.92971,5.75105,4.75817,2025-06-05,5,5,0,28,1,0,28,2021-05-02,13,12,1,206,1,0,206,72.500,,0,0.00,0,0,"1601 BROADROCK BLVD,RICHMOND,VA,23224",37.494,-77.47,,2026-07-01,0,0,,,No,No,3,Southeast
495433,JONES & CABACOY VETERANS CARE CENTER,2641 NIMMO PARKWAY,VIRGINIA BEACH,VA,23456,7572633077,921,Virginia Beach City,Y,Government - State,128,120.9,,Medicare and Medicaid,N,JONES & CABACOY VETERANS CARE CENTER,2024-01-18,,,,,,,,N,,N,Y,N,,Yes,,1,,1,,1,,1,,1,,1,,,2.71806,0.99118,0.88230,1.87347,4.59153,3.99460,0.56490,0.13825,29.3,,36.8,,0,,1.17620,0.83309,1.93062,0.71534,0.57091,3.21687,2.85181,,,,,,2024-01-18,,,,,,,,,,,,,,,,,,0,0.00,0,0,"2641 NIMMO PARKWAY,VIRGINIA BEACH,VA,23456",36.7532,-76.065,,2026-07-01,0,0,,,No,No,3,Southeast
505509,Spokane Veterans Home,222 EAST FIFTH,SPOKANE,WA,99202,5093445770,310,Spokane,Y,Government - State,100,97.4,,Medicare and Medicaid,N,DEPARTMENT OF VETERANS AFFAIRS SPOKANE VETERANS HOME,2001-11-21,,,,,,,,N,,N,N,N,Resident,Yes,5,,4,,5,,5,,,2,5,,,,2.61451,0.01785,1.38512,1.40297,4.01747,3.63374,1.10767,0.04714,34.8,,21.9,,0,,1.39531,0.98828,2.29027,0.84861,0.67726,3.81614,3.38308,2.62665,0.01793,1.39155,4.03613,3.65062,2025-03-25,13,12,1,64,1,0,64,2024-03-14,19,10,11,76,1,0,76,67.000,,0,0.00,0,0,"222 EAST FIFTH,SPOKANE,WA,99202",47.6518,-117.41,,2026-07-01,0,0,,,No,No,3,Pacific
505516,Washington Soldiers Home,1301 ORTING-KAPOWSIN HWY E,ORTING,WA,98360,3608934515,260,Pierce,Y,Government - State,97,89.2,,Medicare and Medicaid,N,STATE OF WASHINGTON WASHINGTON SOLDIERS HOME,2007-01-01,,,,,,,,N,,N,N,N,Resident,Yes,3,,3,,4,,4,,,2,4,,,,2.76593,0.85325,0.65098,1.50423,4.27016,3.78587,0.45356,0.06007,40.7,,33.3,,0,,1.28793,0.91222,2.11401,0.78330,0.62514,3.52245,3.12272,3.01045,0.92868,0.70854,4.64767,4.12057,2025-08-29,14,14,0,84,1,0,84,2024-07-18,13,12,1,60,1,0,60,78.000,,1,10358.00,0,1,"1301 ORTING-KAPOWSIN HWY E,ORTING,WA,98360",47.0823,-122.21,,2026-07-01,0,0,,,No,No,3,Pacific
505517,Washington Veteran Home-Retsil,1141 BEACH DRIVE,PT ORCHARD,WA,98366,3608954700,170,Kitsap,Y,Government - State,240,231.6,,Medicare and Medicaid,N,"STATE OF WASHINGTON, WASHINGTON VETERANS HOMES",2007-03-01,,,,,,,,N,,N,N,N,Resident,Yes,3,,2,,4,,4,,4,,5,,,,2.46836,0.50936,0.90583,1.41520,3.88356,3.55261,0.72375,0.03204,45.1,,26.1,,0,,1.30204,0.92222,2.13718,0.79188,0.63199,3.56106,3.15694,2.65745,0.54838,0.97523,4.18107,3.82477,2026-05-11,19,15,4,112,1,0,112,2025-04-28,25,15,10,124,1,0,124,115.000,,1,23920.00,1,2,"1141 BEACH DRIVE,PT ORCHARD,WA,98366",47.5467,-122.61,,2026-07-01,0,0,,,No,No,3,Pacific
505530,WASHINGTON STATE WALLA WALLA VETERANS HOME,92 WAINWRIGHT DRIVE,WALLA WALLA,WA,99362,5093946800,350,Walla Walla,Y,Government - State,80,77.4,,Medicare and Medicaid,N,WASHINGTON STATE WALLA WALLA VETERANS HOME,2018-03-05,,,,,,,,N,,N,N,N,Resident,Yes,5,,4,,4,,4,,,2,5,,,,4.68511,0.02974,1.69313,1.72287,6.40798,5.74908,1.38889,0.01045,22.8,,26.5,,0,,1.36969,0.97013,2.24821,0.83302,0.66483,3.74606,3.32095,4.79492,0.03044,1.73281,6.55816,5.88382,2026-02-27,13,8,5,76,1,0,76,2024-12-16,13,9,4,56,1,0,56,71.000,0,1,15935.00,0,1,"92 WAINWRIGHT DRIVE,WALLA WALLA,WA,99362",46.0421,-118.3,,2026-07-01,0,0,,,No,No,3,Pacific
525622,Soldiers Grove Health Services,101 Sunshine Blvd.,Soldiers Grove,WI,54655,6086245244,110,Crawford,N,For profit - Corporation,50,36.5,,Medicare and Medicaid,N,NSH SOLDIERS GROVE LLC,1997-08-01,NORTH SHORE HEALTHCARE,377,59,2.7,2.8,3.4,2.5,N,,N,N,N,Resident,Yes,2,,2,,3,,3,,3,,4,,,,2.21892,0.39360,1.03854,1.43214,3.65106,3.21281,0.67621,0.01663,8.8,,0.0,,0,,1.37246,0.97210,2.25277,0.83471,0.66617,3.75365,3.32768,2.26634,0.40201,1.06073,3.72908,3.28146,2025-07-21,9,9,0,92,1,0,92,2024-05-09,12,4,8,72,1,0,72,87.000,,0,0.00,0,0,"101 Sunshine Blvd.,Soldiers Grove,WI,54655",43.39,-90.767,,2026-07-01,0,0,2.7,2.8,No,No,3,Midwest
525688,WI VETERANS HOME-BOLAND HALL,21425 E SPRING ST,UNION GROVE,WI,53182,2628786702,500,Racine,Y,Government - State,158,61.4,,Medicare and Medicaid,N,STATE OF WISCONSIN,2006-12-01,,,,,,,,N,,Y,N,N,Resident,Yes,1,,1,,1,,1,,,2,5,,,,3.65525,0.41950,1.95572,2.37522,6.03047,5.56354,1.66674,0.02216,51.4,,39.4,,4,,1.15208,0.81600,1.89103,0.70068,0.55920,3.15091,2.79333,4.44752,0.51043,2.37962,7.33757,6.76942,2025-01-09,21,6,15,492,1,0,492,2023-10-16,19,5,17,282,1,0,282,439.500,,6,386235.00,2,8,"21425 E SPRING ST,UNION GROVE,WI,53182",42.6986,-88.076,,2026-07-01,0,0,,,No,No,3,Midwest
525708,WI VETERANS HOME AT CHIPPEWA FALLS,2175 E PARK AVE,CHIPPEWA FALLS,WI,54729,7157206775,080,Chippewa,Y,Government - State,72,68.8,,Medicare and Medicaid,N,STATE OF WISCONSIN,2013-02-13,,,,,,,,N,,N,N,N,Both,Yes,5,,4,,5,,5,,,2,5,,,,2.42942,0.29098,1.22234,1.51332,3.94273,3.63161,0.90427,0.00965,37.6,,27.6,,0,,1.05187,0.74503,1.72655,0.63973,0.51056,2.87685,2.55037,3.23759,0.38777,1.62897,5.25433,4.83971,2025-06-12,5,5,1,20,1,0,20,2024-04-11,4,3,1,16,1,0,16,19.000,,0,0.00,0,0,"2175 E PARK AVE,CHIPPEWA FALLS,WI,54729",44.9298,-91.358,,2026-07-01,0,0,,,No,No,3,Midwest
525718,WI Veterans Home Moses Hall,210 Cumberlidge Ave,King,WI,54946,7152585586,670,Waupaca,N,Government - State,192,184.1,,Medicare and Medicaid,N,STATE OF WISCONSIN,2015-03-01,,,,,,,,N,,N,N,N,Both,Yes,5,,3,,5,,5,,,2,5,,,,3.40118,0.68374,1.01744,1.70118,5.10236,4.59317,0.71541,0.01634,32.6,,19.3,,2,,1.11496,0.78971,1.83010,0.67810,0.54118,3.04938,2.70333,4.27616,0.85964,1.27918,6.41498,5.77480,2025-03-19,9,6,3,88,1,0,88,2024-01-31,6,3,3,36,1,0,36,75.000,,1,23520.00,0,1,"210 Cumberlidge Ave,King,WI,54946",44.3585,-89.119,22,2026-07-01,0,0,,,No,No,3,Midwest
525719,WI Veterans Hm Ainsworth Hall,N2665 Cty Rd QQ,King,WI,54946,7152585586,670,Waupaca,N,Government - State,198,98.6,,Medicare and Medicaid,N,STATE OF WISCONSIN,2015-03-01,,,,,,,,N,,N,N,N,Both,Yes,5,,3,,5,,5,,,2,5,,,,3.89966,0.66501,1.25930,1.92431,5.82397,5.21198,0.80073,0.00561,26.9,,14.3,,1,,1.18951,0.84251,1.95246,0.72344,0.57737,3.25327,2.88408,4.59560,0.78369,1.48404,6.86333,6.14212,2025-03-19,10,10,0,48,1,0,48,2024-01-31,2,1,1,20,1,0,20,41.000,,0,0.00,0,0,"N2665 Cty Rd QQ,King,WI,54946",44.3585,-89.119,22,2026-07-01,0,0,,,No,No,3,Midwest
535061,Wyoming Veterans' Skilled Nursing Facility,700 Veteran's Lane,Buffalo,WY,82834,3076845511,090,Johnson,N,Government - State,36,20.9,,Medicare and Medicaid,N,STATE OF WYOMING,2024-08-30,,,,,,,,N,,Y,N,N,Resident,Yes,2,,2,,3,,3,,,2,4,,,,4.61302,1.25958,2.00756,3.26714,7.88017,6.74640,1.26094,0.00431,,26,,26,,26,1.12711,0.79832,1.85004,0.68549,0.54708,3.08261,2.73279,5.73724,1.56654,2.49681,9.80060,8.39052,2026-01-23,9,9,4,76,1,0,76,2024-07-26,7,7,0,48,1,0,48,69.000,,0,0.00,1,1,"700 Veteran's Lane,Buffalo,WY,82834",44.3351,-106.74,,2026-07-01,0,0,,,No,No,3,Mountain West
555095,VETERANS HOME OF CALIFORNIA - YOUNTVILLE -  SNF,100 CALIFORNIA DRIVE,YOUNTVILLE,CA,94599,7079444600,380,Napa,Y,Government - State,274,162.8,,Medicare and Medicaid,N,VETERANS HOME OF CALIFORNIA,1978-08-01,,,,,,,,N,,N,N,N,Resident,Yes,4,,3,,2,,3,,1,,5,,,,4.32545,0.52256,2.16958,2.69214,7.01759,5.98344,1.47059,0.02495,26.2,,18.8,,1,,1.07364,0.76045,1.76228,0.65297,0.52113,2.93638,2.60315,5.64748,0.68228,2.83269,9.16245,7.81222,2026-03-26,6,6,0,36,1,0,36,2025-03-07,21,8,13,168,1,0,168,69.000,,0,0.00,0,0,"100 CALIFORNIA DRIVE,YOUNTVILLE,CA,94599",38.3944,-122.36,,2026-07-01,0,0,,,No,No,3,Pacific
555795,Veterans Home Of California - Chula Vista,700 EAST NAPLES COURT,CHULA VISTA,CA,91911,6194826010,470,San Diego,Y,Government - State,180,110.2,,Medicare and Medicaid,N,VETERANS HOME OF CALIFORNIA-CHULA VISTA,2002-07-18,,,,,,,,Y,,N,N,N,Both,Yes,5,,4,,4,,4,,,2,5,,,,3.18613,0.61354,1.00489,1.61843,4.80456,4.23612,0.71029,0.08341,17.3,,22.2,,0,,1.24422,0.88127,2.04228,0.75672,0.60393,3.40293,3.01675,3.58960,0.69124,1.13214,5.41299,4.77257,2026-01-16,6,3,3,32,1,0,32,2025-01-30,21,11,10,108,1,0,108,51.000,0,1,8018.00,0,1,"700 EAST NAPLES COURT,CHULA VISTA,CA,91911",32.6218,-117.03,,2026-07-01,0,0,,,No,No,3,Pacific
555853,Veterans Home Of California - Barstow,100 EAST VETERANS PARKWAY,BARSTOW,CA,92311,7602526288,460,San Bernardino,Y,Government - State,60,38.9,,Medicare and Medicaid,N,VETERANS HOME OF CALIFORNIA BARSTOW,2008-10-28,,,,,,,,N,,N,N,N,Resident,Yes,5,,5,,5,,5,,,2,5,,,,3.52559,0.92722,1.22133,2.14856,5.67415,5.04674,0.76756,0.00160,22.9,,28.6,,2,,1.14287,0.80948,1.87591,0.69507,0.55473,3.12572,2.77100,4.32433,1.13729,1.49803,6.95965,6.19010,2026-04-23,1,1,0,4,1,0,4,2025-05-01,5,4,1,28,1,0,28,10.000,,0,0.00,0,0,"100 EAST VETERANS PARKWAY,BARSTOW,CA,92311",34.8677,-117.02,,2026-07-01,0,0,,,No,No,3,Pacific
555891,Veterans Home Of California - Redding,3400 KNIGHTON ROAD,REDDING,CA,96002,5302243300,550,Shasta,Y,Government - State,60,39.9,,Medicare and Medicaid,N,DEPARTMENT OF VETERANS AFFAIRS OF THE STATE OF CALIFORNIA,2015-04-29,,,,,,,,Y,,N,N,N,Both,Yes,5,,4,,5,,5,,,2,5,,,,2.91166,0.68071,2.32817,3.00888,5.92054,5.00144,1.56824,0.30058,38.9,,28.6,,0,,0.95162,0.67402,1.56200,0.57876,0.46190,2.60267,2.30731,4.28903,1.00272,3.42951,8.72126,7.36738,2026-04-23,6,4,2,48,1,0,48,2025-04-10,10,6,4,48,1,0,48,48.000,0,1,8278.00,0,1,"3400 KNIGHTON ROAD,REDDING,CA,96002",40.5056,-122.35,,2026-07-01,0,0,,,No,No,3,Pacific
555900,VETERANS HOME OF CALIFORNIA - FRESNO,2811 W CESAR CHAVEZ BLVD,FRESNO,CA,93706,5594934400,090,Fresno,Y,Government - State,120,107.7,,Medicare and Medicaid,N,DEPARTMENT OF VETERANS AFFAIRS OF THE STATE OF CALIFORNIA,2016-09-22,,,,,,,,N,,N,N,N,Resident,Yes,5,,4,,5,,5,,,2,5,,,,3.21283,1.29764,1.52193,2.81957,6.03240,5.32633,0.95557,0.05217,28.3,,18.8,,0,,1.15612,0.81886,1.89766,0.70313,0.56116,3.16196,2.80313,3.89554,1.57338,1.84533,7.31426,6.45816,2026-01-30,10,7,3,72,1,0,72,2025-02-27,9,6,2,48,1,0,48,66.000,1,0,0.00,0,0,"2811 W CESAR CHAVEZ BLVD,FRESNO,CA,93706",36.7024,-119.84,22,2026-07-01,0,0,,,No,No,3,Pacific
555917,VETERANS HOME OF CALIFORNIA - WEST LOS ANGELES,11500 NIMITZ AVENUE,LOS ANGELES,CA,90049,4248328200,200,Los Angeles,Y,Government - State,312,143.1,,Medicare and Medicaid,N,DEPARTMENT OF VETERANS AFFAIRS OF THE STATE OF CALIFORNIA,2019-11-21,,,,,,,,N,,N,N,N,Resident,Yes,3,,2,,4,,4,,,2,5,,,,3.46758,1.12751,1.22501,2.35252,5.82010,5.25875,0.85558,0.03355,35.3,,23.3,,0,,1.06231,0.75242,1.74369,0.64608,0.51563,2.90540,2.57569,4.57569,1.48783,1.61647,7.67999,6.93927,2025-12-12,10,8,3,100,1,0,100,2024-12-06,20,9,9,132,1,0,132,108.000,2,0,0.00,0,0,"11500 NIMITZ AVENUE,LOS ANGELES,CA,90049",34.0784,-118.49,22,2026-07-01,0,0,,,No,No,3,Pacific
675857,William R Courtney Texas State Veterans Home,1424 Martin Luther King Jr Ln,Temple,TX,76504,2547918280,120,Bell,Y,For profit - Limited Liability company,160,151.7,,Medicare and Medicaid,N,STATE OF TEXAS VETERANS LAND BOARD,2000-12-21,TEXVET,503,9,3.0,2.6,3.9,4.0,N,,Y,N,N,Resident,Yes,1,,1,,4,,4,,,2,1,23,23,23,,,,,,,,,,26,,26,,26,,,,,,,,,,,,,2025-03-07,9,3,7,253,1,0,253,2024-01-12,14,7,7,235,1,0,235,248.500,0,3,53476.00,0,3,"1424 Martin Luther King Jr Ln,Temple,TX,76504",31.0816,-97.343,,2026-07-01,0,0,3.0,2.6,No,No,3,South Central
675863,Frank M. Tejeda Texas State Veterans Home,200 Veterans Dr,Floresville,TX,78114,8302169456,971,Wilson,Y,Government - State,160,156.0,,Medicare and Medicaid,N,STATE OF TEXAS VETERANS LAND BOARD,2001-01-25,TEXVET,503,9,3.0,2.6,3.9,4.0,N,,N,N,N,Resident,Yes,5,,4,,5,,5,,,2,4,,,,1.90686,0.85177,0.33056,1.18233,3.08919,2.68776,0.20451,0.01188,27.8,,30.8,,0,,1.06573,0.75484,1.74929,0.64816,0.51729,2.91474,2.58397,2.50815,1.12037,0.43480,4.06332,3.53530,2026-03-06,12,7,11,52,1,0,52,2025-01-10,10,5,10,44,1,0,44,50.000,,0,0.00,0,0,"200 Veterans Dr,Floresville,TX,78114",29.1284,-98.144,,2026-07-01,0,0,3.0,2.6,No,No,3,South Central
675873,CLYDE W COSPER TEXAS STATE VETERANS HOME,1300 SEVEN OAKS RD,BONHAM,TX,75418,9036408387,510,Fannin,N,Government - State,160,155.4,,Medicare and Medicaid,N,STATE OF TEXAS VETERANS LAND BOARD,2001-05-24,TEXVET,503,9,3.0,2.6,3.9,4.0,N,,N,N,N,Resident,Yes,1,,1,,4,,4,,,2,4,,,,2.15647,0.96633,0.46974,1.43607,3.59254,3.11321,0.27974,0.04286,48.3,,58.3,,1,,0.98366,0.69671,1.61458,0.59824,0.47745,2.69028,2.38498,3.07314,1.37709,0.66942,5.11965,4.43657,2026-04-29,17,14,3,84,1,0,84,2025-02-07,19,13,6,438,1,0,438,172.500,,2,216749.00,1,3,"1300 SEVEN OAKS RD,BONHAM,TX,75418",33.5875,-96.168,,2026-07-01,0,0,3.0,2.6,No,No,3,South Central
675874,LAMUN-LUSK-SANCHEZ TEXAS STATE VETERANS HOME,1809 N HWY 87,BIG SPRING,TX,79720,4322688387,661,Howard,N,For profit - Corporation,160,145.2,,Medicare and Medicaid,N,STATE OF TEXAS VETERANS LAND BOARD,2001-03-26,TEXVET,503,9,3.0,2.6,3.9,4.0,N,,N,N,N,Resident,Yes,5,,3,,5,,5,,,2,5,,,,2.25373,0.63820,0.69164,1.32984,3.58357,3.05380,0.55690,0.02475,33.6,,32.1,,0,,0.99212,0.70270,1.62847,0.60339,0.48156,2.71342,2.40549,3.18436,0.90173,0.97724,5.06333,4.31480,2024-07-11,10,10,0,56,1,0,56,2023-05-19,8,4,4,136,1,0,136,76.000,1,1,21252.00,0,1,"1809 N HWY 87,BIG SPRING,TX,79720",32.2628,-101.46,,2026-07-01,0,0,3.0,2.6,No,No,3,South Central
676060,Ambrosio Guillen Texas State Veterans Home,9650 Kenworthy St,El Paso,TX,79924,9157510967,480,El Paso,Y,For profit - Corporation,160,151.6,,Medicare and Medicaid,N,STATE OF TEXAS VETERANS LAND BOARD,2005-08-03,TEXVET,503,9,3.0,2.6,3.9,4.0,N,,N,N,N,Both,Yes,2,,2,,3,,4,,3,,4,,,,2.30064,0.94616,0.46226,1.40842,3.70906,3.25618,0.34381,0.03469,39.7,,42.9,,1,,1.16902,0.82800,1.91884,0.71098,0.56743,3.19724,2.83441,2.75873,1.13456,0.55430,4.44759,3.90454,2026-04-09,18,8,10,96,1,0,96,2025-01-31,24,7,17,144,1,0,144,108.000,,0,0.00,0,0,"9650 Kenworthy St,El Paso,TX,79924",31.8892,-106.43,,2026-07-01,0,0,3.0,2.6,No,No,3,South Central
676063,ALFREDO GONZALEZ TEXAS STATE VETERANS HOME,301 E YUMA AVE,MCALLEN,TX,78503,9566824224,650,Hidalgo,Y,Government - State,160,154.7,,Medicare and Medicaid,N,STATE OF TEXAS VETERANS LAND BOARD,2005-07-14,TEXVET,503,9,3.0,2.6,3.9,4.0,N,,Y,N,N,Resident,Yes,2,,2,,4,,4,,5,,4,,,,2.23605,0.96349,0.37566,1.33915,3.57520,3.04244,0.17335,0.03257,28.5,,27.8,,0,,1.22528,0.86786,2.01119,0.74520,0.59474,3.35113,2.97083,2.55816,1.10228,0.42977,4.09021,3.48071,2026-01-07,14,6,8,92,1,0,92,2024-10-04,10,2,8,40,1,0,40,79.000,,2,35600.00,0,2,"301 E YUMA AVE,MCALLEN,TX,78503",26.1782,-98.221,,2026-07-01,0,0,3.0,2.6,No,No,3,South Central
676157,Ussery Roan Texas State Veterans Home,1020 Tascosa Rd,Amarillo,TX,79124,8063228387,860,Potter,Y,For profit - Limited Liability company,120,118.1,,Medicare and Medicaid,N,STATE OF TEXAS VETERANS LAND BOARD,2007-11-15,TEXVET,503,9,3.0,2.6,3.9,4.0,N,,N,N,N,Resident,Yes,3,,3,,4,,4,,,2,4,,,,2.65239,0.75155,0.61459,1.36615,4.01854,3.35550,0.30641,0.04436,62.0,,80.8,,3,,1.03077,0.73008,1.69192,0.62690,0.50032,2.81914,2.49922,3.60710,1.02207,0.83581,5.46498,4.56328,2025-05-30,8,8,0,40,1,0,40,2024-03-22,17,9,8,233,1,0,233,88.250,,0,0.00,0,0,"1020 Tascosa Rd,Amarillo,TX,79124",35.2193,-101.91,,2026-07-01,0,0,3.0,2.6,No,No,3,South Central
676252,Avir at Veterans Memorial,1424 Fallbrook Drive,Houston,TX,77038,3467545070,610,Harris,Y,For profit - Limited Liability company,120,98.3,,Medicare and Medicaid,N,Legal Business Name Not Available,2010-06-25,,,,,,,,N,,Y,N,N,Resident,Yes,1,,1,,4,,5,,3,,2,,,,1.85188,0.87448,0.39050,1.26499,3.11687,2.79112,0.27004,0.01813,52.8,,0.0,,0,,1.44196,1.02132,2.36684,0.87698,0.69991,3.94372,3.49618,1.80030,0.85012,0.37962,3.03004,2.71337,2026-04-18,18,13,6,282,1,0,282,2025-01-31,6,2,4,40,1,0,40,221.500,,2,22840.00,0,2,"1424 Fallbrook Drive,Houston,TX,77038",29.9209,-95.445,,2026-07-01,0,0,,,No,No,3,South Central
676311,WATKINS-LOGAN-GARRISON TEXAS STATE VETERAN'S HOME,11466 HONOR LANE,TYLER,TX,75708,9036176150,892,Smith,Y,For profit - Corporation,100,94.9,,Medicare and Medicaid,N,STATE OF TEXAS VETERANS LAND BOARD,2012-02-27,TEXVET,503,9,3.0,2.6,3.9,4.0,N,,N,N,N,Resident,Yes,3,,3,,2,,2,,,2,4,,,,4.44456,1.32828,0.54172,1.87000,6.31456,5.50595,0.38879,0.04999,33.6,,58.8,,2,,1.03255,0.73135,1.69484,0.62798,0.50119,2.82401,2.50354,6.03390,1.80326,0.73544,8.57260,7.47484,2025-06-11,2,2,1,8,1,0,8,2024-05-15,9,2,7,332,1,0,332,89.000,,2,214759.00,0,2,"11466 HONOR LANE,TYLER,TX,75708",32.431,-95.207,,2026-07-01,0,0,3.0,2.6,No,No,3,South Central
676479,RICHARD A. ANDERSON (STATE OF TEXAS VETERANS LAND,14041 COTTINGHAM ROAD,HOUSTON,TX,77048,3462939600,610,Harris,Y,Government - State,120,115.8,,Medicare and Medicaid,N,STATE OF TEXAS VETERANS LAND BOARD,2019-11-05,TEXVET,503,9,3.0,2.6,3.9,4.0,N,,N,N,N,Resident,Yes,5,,4,,5,,5,,,2,5,,,,2.84464,0.68244,0.55291,1.23534,4.07998,3.62357,0.46546,0.02818,33.3,,18.8,,0,,1.14207,0.80891,1.87460,0.69459,0.55434,3.12353,2.76907,3.49154,0.83763,0.67864,5.00781,4.44760,2025-09-11,2,2,0,12,1,0,12,2024-08-22,4,1,3,141,1,0,141,44.250,,1,14730.00,0,1,"14041 COTTINGHAM ROAD,HOUSTON,TX,77048",29.6063,-95.341,,2026-07-01,0,0,3.0,2.6,No,No,3,South Central
686128,ARDIE R COPAS STATE VETERANS NURSING HOME,13000 SW TRADITION PARKWAY,PORT SAINT LUCIE,FL,34987,7722416132,550,St. Lucie,Y,Government - State,120,114.8,,Medicare and Medicaid,N,FLORIDA DEPARTMENT OF VETERANS AFFAIRS,2022-12-06,FLORIDA DEPARTMENT OF VETERANS' AFFAIRS,739,8,3.8,3.4,4.4,2.4,N,,N,N,N,Resident,Yes,5,,4,,3,,3,,,2,5,,,,3.98853,0.86208,1.08505,1.94713,5.93566,5.23387,0.81689,0.08384,35.6,,37.0,,1,,1.22654,0.86874,2.01325,0.74596,0.59534,3.35455,2.97387,4.55843,0.98526,1.24009,6.78377,5.98170,2025-06-19,6,6,0,24,1,0,24,2024-03-14,8,6,2,32,1,0,32,26.000,,0,0.00,0,0,"13000 SW TRADITION PARKWAY,PORT SAINT LUCIE,FL,34987",27.2649,-80.456,,2026-07-01,0,0,3.8,3.4,No,No,3,Southeast
745057,Tuskegee Airmen Texas State Veterans Home,2200 JOE B RUSHING ROAD,FORT WORTH,TX,76119,5129819025,910,Tarrant,Y,Non profit - Corporation,120,,10,Medicare and Medicaid,N,Legal Business Name Not Available,2025-05-15,,,,,,,,N,,Y,N,N,,Yes,,1,,1,,1,,1,,1,,1,6,6,,,,,,,,,,27,,27,,27,,,,,,,,,,,,,2025-05-14,,,,,,,,,,,,,,,,,,1,14280.00,0,1,"2200 JOE B RUSHING ROAD,FORT WORTH,TX,76119",32.6723,-97.295,,2026-07-01,0,0,,,No,No,3,South Central
